target_id,candidate_family,positive_family,label,title_alias_score,server_alias_score,nmap_alias_score,body_alias_score,evidence_alias_score,port_score,protocol_score,http_tool_score,scan_depth_score,heuristic_score
adminer_CVE-2021-21311,adminer,adminer,positive_family_match,1.0,0.0,0.0,1.0,1.0,1.0,0.25,0.15,0.1,7.000000000000001
adminer_CVE-2021-21311,appweb,adminer,negative_family,0.0,0.0,0.0,0.0,0.0,1.0,0.25,0.15,0.1,1.1
adminer_CVE-2021-21311,aria2,adminer,negative_family,0.0,0.0,0.0,0.0,0.0,0.0,0.0,0.0,0.0,0.0
adminer_CVE-2021-21311,couchdb,adminer,negative_family,0.0,0.0,0.0,0.0,0.0,0.0,0.25,0.15,0.1,0.4
adminer_CVE-2021-21311,druid,adminer,negative_family,0.0,0.0,0.0,0.0,0.0,0.0,0.25,0.15,0.1,0.4
adminer_CVE-2021-21311,drupal,adminer,negative_family,0.0,0.0,0.0,0.0,0.0,1.0,0.25,0.15,0.1,1.1
adminer_CVE-2021-21311,elasticsearch,adminer,negative_family,0.0,0.0,0.0,1.0,1.0,0.0,0.25,0.15,0.1,3.8000000000000003
adminer_CVE-2021-21311,flask,adminer,negative_family,0.0,0.0,0.0,0.0,0.0,0.0,0.25,0.15,0.1,0.4
adminer_CVE-2021-21311,goahead,adminer,negative_family,0.0,0.0,0.0,0.0,0.0,1.0,0.25,0.15,0.1,1.1
adminer_CVE-2021-21311,gogs,adminer,negative_family,0.0,0.0,0.0,0.0,0.0,0.0,0.25,0.15,0.1,0.4
adminer_CVE-2021-21311,grafana,adminer,negative_family,0.0,0.0,0.0,0.0,0.0,0.0,0.25,0.15,0.1,0.4
adminer_CVE-2021-21311,jenkins,adminer,negative_family,0.0,0.0,0.0,0.0,0.0,1.0,0.25,0.15,0.1,1.1
adminer_CVE-2021-21311,jetty,adminer,negative_family,0.0,0.0,0.0,0.0,0.0,1.0,0.25,0.15,0.1,1.1
adminer_CVE-2021-21311,joomla,adminer,negative_family,0.0,0.0,0.0,0.0,0.0,1.0,0.25,0.15,0.1,1.1
adminer_CVE-2021-21311,nextjs,adminer,negative_family,0.0,0.0,0.0,0.0,0.0,0.0,0.25,0.15,0.1,0.4
adminer_CVE-2021-21311,nexus,adminer,negative_family,0.0,0.0,0.0,0.0,0.0,0.0,0.25,0.15,0.1,0.4
adminer_CVE-2021-21311,nginx,adminer,negative_family,0.0,0.0,0.0,0.0,0.0,1.0,0.25,0.15,0.1,1.1
adminer_CVE-2021-21311,phpmyadmin,adminer,negative_family,0.0,0.0,0.0,0.0,0.0,1.0,0.25,0.15,0.1,1.1
adminer_CVE-2021-21311,rails,adminer,negative_family,0.0,0.0,0.0,0.0,0.0,0.0,0.25,0.15,0.1,0.4
adminer_CVE-2021-21311,redis,adminer,negative_family,0.0,0.0,0.0,0.0,0.0,0.0,0.0,0.0,0.0,0.0
adminer_CVE-2021-21311,shiro,adminer,negative_family,0.0,0.0,0.0,0.0,0.0,1.0,0.25,0.15,0.1,1.1
adminer_CVE-2021-21311,solr,adminer,negative_family,0.0,0.0,0.0,0.0,0.0,0.0,0.25,0.15,0.1,0.4
adminer_CVE-2021-21311,spring,adminer,negative_family,0.0,0.0,0.0,0.0,0.0,1.0,0.25,0.15,0.1,1.1
adminer_CVE-2021-21311,struts2,adminer,negative_family,0.0,0.0,0.0,0.0,0.0,1.0,0.25,0.15,0.1,1.1
adminer_CVE-2021-21311,thinkphp,adminer,negative_family,0.0,0.0,0.0,0.0,0.0,1.0,0.25,0.15,0.1,1.1
adminer_CVE-2021-21311,tomcat,adminer,negative_family,0.0,0.0,0.0,0.0,0.0,1.0,0.25,0.15,0.1,1.1
adminer_CVE-2021-21311,webmin,adminer,negative_family,0.0,0.0,0.0,0.0,0.0,0.0,0.25,0.15,0.1,0.4
apache_druid_CVE-2021-25646,adminer,druid,negative_family,0.0,0.0,0.0,0.0,0.0,0.0,0.25,0.15,0.1,0.4
apache_druid_CVE-2021-25646,appweb,druid,negative_family,0.0,0.0,0.0,0.0,0.0,0.0,0.25,0.15,0.1,0.4
apache_druid_CVE-2021-25646,aria2,druid,negative_family,0.0,0.0,0.0,0.0,0.0,0.0,0.0,0.0,0.0,0.0
apache_druid_CVE-2021-25646,couchdb,druid,negative_family,0.0,0.0,0.0,0.0,0.0,0.0,0.25,0.15,0.1,0.4
apache_druid_CVE-2021-25646,druid,druid,positive_family_match,1.0,0.0,0.0,1.0,1.0,1.0,0.25,0.15,0.1,7.000000000000001
apache_druid_CVE-2021-25646,drupal,druid,negative_family,0.0,0.0,0.0,0.0,0.0,0.0,0.25,0.15,0.1,0.4
apache_druid_CVE-2021-25646,elasticsearch,druid,negative_family,0.0,0.0,0.0,0.0,0.0,0.0,0.25,0.15,0.1,0.4
apache_druid_CVE-2021-25646,flask,druid,negative_family,0.0,0.0,0.0,0.0,0.0,0.0,0.25,0.15,0.1,0.4
apache_druid_CVE-2021-25646,goahead,druid,negative_family,0.0,0.0,0.0,0.0,0.0,0.0,0.25,0.15,0.1,0.4
apache_druid_CVE-2021-25646,gogs,druid,negative_family,0.0,0.0,0.0,0.0,0.0,0.0,0.25,0.15,0.1,0.4
apache_druid_CVE-2021-25646,grafana,druid,negative_family,0.0,0.0,0.0,0.0,0.0,0.0,0.25,0.15,0.1,0.4
apache_druid_CVE-2021-25646,jenkins,druid,negative_family,0.0,0.0,0.0,0.0,0.0,0.0,0.25,0.15,0.1,0.4
apache_druid_CVE-2021-25646,jetty,druid,negative_family,0.0,0.0,0.0,1.0,1.0,0.0,0.25,0.15,0.1,3.8000000000000003
apache_druid_CVE-2021-25646,joomla,druid,negative_family,0.0,0.0,0.0,0.0,0.0,0.0,0.25,0.15,0.1,0.4
apache_druid_CVE-2021-25646,nextjs,druid,negative_family,0.0,0.0,0.0,0.0,0.0,0.0,0.25,0.15,0.1,0.4
apache_druid_CVE-2021-25646,nexus,druid,negative_family,0.0,0.0,0.0,0.0,0.0,0.0,0.25,0.15,0.1,0.4
apache_druid_CVE-2021-25646,nginx,druid,negative_family,0.0,0.0,0.0,0.0,0.0,0.0,0.25,0.15,0.1,0.4
apache_druid_CVE-2021-25646,phpmyadmin,druid,negative_family,0.0,0.0,0.0,0.0,0.0,0.0,0.25,0.15,0.1,0.4
apache_druid_CVE-2021-25646,rails,druid,negative_family,0.0,0.0,0.0,0.0,0.0,0.0,0.25,0.15,0.1,0.4
apache_druid_CVE-2021-25646,redis,druid,negative_family,0.0,0.0,0.0,0.0,0.0,0.0,0.0,0.0,0.0,0.0
apache_druid_CVE-2021-25646,shiro,druid,negative_family,0.0,0.0,0.0,0.0,0.0,0.0,0.25,0.15,0.1,0.4
apache_druid_CVE-2021-25646,solr,druid,negative_family,0.0,0.0,0.0,0.0,0.0,0.0,0.25,0.15,0.1,0.4
apache_druid_CVE-2021-25646,spring,druid,negative_family,0.0,0.0,0.0,0.0,0.0,0.0,0.25,0.15,0.1,0.4
apache_druid_CVE-2021-25646,struts2,druid,negative_family,0.0,0.0,0.0,0.0,0.0,0.0,0.25,0.15,0.1,0.4
apache_druid_CVE-2021-25646,thinkphp,druid,negative_family,0.0,0.0,0.0,0.0,0.0,0.0,0.25,0.15,0.1,0.4
apache_druid_CVE-2021-25646,tomcat,druid,negative_family,0.0,0.0,0.0,0.0,0.0,0.0,0.25,0.15,0.1,0.4
apache_druid_CVE-2021-25646,webmin,druid,negative_family,0.0,0.0,0.0,0.0,0.0,0.0,0.25,0.15,0.1,0.4
appweb_CVE-2018-8715,adminer,appweb,negative_family,0.0,0.0,0.0,0.0,0.0,1.0,0.25,0.15,0.08,1.08
appweb_CVE-2018-8715,appweb,appweb,positive_family_match,0.0,0.0,0.0,0.0,0.0,1.0,0.25,0.15,0.08,1.08
appweb_CVE-2018-8715,aria2,appweb,negative_family,0.0,0.0,0.0,0.0,0.0,0.0,0.0,0.0,0.0,0.0
appweb_CVE-2018-8715,couchdb,appweb,negative_family,0.0,0.0,0.0,0.0,0.0,0.0,0.25,0.15,0.08,0.38
appweb_CVE-2018-8715,druid,appweb,negative_family,0.0,0.0,0.0,0.0,0.0,0.0,0.25,0.15,0.08,0.38
appweb_CVE-2018-8715,drupal,appweb,negative_family,0.0,0.0,0.0,0.0,0.0,1.0,0.25,0.15,0.08,1.08
appweb_CVE-2018-8715,elasticsearch,appweb,negative_family,0.0,0.0,0.0,0.0,0.0,0.0,0.25,0.15,0.08,0.38
appweb_CVE-2018-8715,flask,appweb,negative_family,0.0,0.0,0.0,0.0,0.0,0.0,0.25,0.15,0.08,0.38
appweb_CVE-2018-8715,goahead,appweb,negative_family,0.0,0.0,0.0,0.3333333333333333,0.3333333333333333,1.0,0.25,0.15,0.08,2.2133333333333334
appweb_CVE-2018-8715,gogs,appweb,negative_family,0.0,0.0,0.0,0.0,0.0,0.0,0.25,0.15,0.08,0.38
appweb_CVE-2018-8715,grafana,appweb,negative_family,0.0,0.0,0.0,0.0,0.0,0.0,0.25,0.15,0.08,0.38
appweb_CVE-2018-8715,jenkins,appweb,negative_family,0.0,0.0,0.0,0.0,0.0,1.0,0.25,0.15,0.08,1.08
appweb_CVE-2018-8715,jetty,appweb,negative_family,0.0,0.0,0.0,0.0,0.0,1.0,0.25,0.15,0.08,1.08
appweb_CVE-2018-8715,joomla,appweb,negative_family,0.0,0.0,0.0,0.0,0.0,1.0,0.25,0.15,0.08,1.08
appweb_CVE-2018-8715,nextjs,appweb,negative_family,0.0,0.0,0.0,0.0,0.0,0.0,0.25,0.15,0.08,0.38
appweb_CVE-2018-8715,nexus,appweb,negative_family,0.0,0.0,0.0,0.0,0.0,0.0,0.25,0.15,0.08,0.38
appweb_CVE-2018-8715,nginx,appweb,negative_family,0.0,0.0,0.0,0.0,0.0,1.0,0.25,0.15,0.08,1.08
appweb_CVE-2018-8715,phpmyadmin,appweb,negative_family,0.0,0.0,0.0,0.0,0.0,1.0,0.25,0.15,0.08,1.08
appweb_CVE-2018-8715,rails,appweb,negative_family,0.0,0.0,0.0,0.0,0.0,0.0,0.25,0.15,0.08,0.38
appweb_CVE-2018-8715,redis,appweb,negative_family,0.0,0.0,0.0,0.0,0.0,0.0,0.0,0.0,0.0,0.0
appweb_CVE-2018-8715,shiro,appweb,negative_family,0.0,0.0,0.0,0.0,0.0,1.0,0.25,0.15,0.08,1.08
appweb_CVE-2018-8715,solr,appweb,negative_family,0.0,0.0,0.0,0.0,0.0,0.0,0.25,0.15,0.08,0.38
appweb_CVE-2018-8715,spring,appweb,negative_family,0.0,0.0,0.0,0.0,0.0,1.0,0.25,0.15,0.08,1.08
appweb_CVE-2018-8715,struts2,appweb,negative_family,0.0,0.0,0.0,0.0,0.0,1.0,0.25,0.15,0.08,1.08
appweb_CVE-2018-8715,thinkphp,appweb,negative_family,0.0,0.0,0.0,0.0,0.0,1.0,0.25,0.15,0.08,1.08
appweb_CVE-2018-8715,tomcat,appweb,negative_family,0.0,0.0,0.0,0.0,0.0,1.0,0.25,0.15,0.08,1.08
appweb_CVE-2018-8715,webmin,appweb,negative_family,0.0,0.0,0.0,0.0,0.0,0.0,0.25,0.15,0.08,0.38
aria2_rce,adminer,aria2,negative_family,0.0,0.0,0.0,0.0,0.0,0.0,0.0,0.0,0.14,0.14
aria2_rce,appweb,aria2,negative_family,0.0,0.0,0.0,0.0,0.0,0.0,0.0,0.0,0.14,0.14
aria2_rce,aria2,aria2,positive_family_match,0.0,0.0,1.0,1.0,1.0,1.0,1.0,0.0,0.0,6.7
aria2_rce,couchdb,aria2,negative_family,0.0,0.0,0.0,0.0,0.0,0.0,0.0,0.0,0.14,0.14
aria2_rce,druid,aria2,negative_family,0.0,0.0,0.0,0.0,0.0,0.0,0.0,0.0,0.14,0.14
aria2_rce,drupal,aria2,negative_family,0.0,0.0,0.0,0.0,0.0,0.0,0.0,0.0,0.14,0.14
aria2_rce,elasticsearch,aria2,negative_family,0.0,0.0,0.0,0.0,0.0,0.0,0.0,0.0,0.14,0.14
aria2_rce,flask,aria2,negative_family,0.0,0.0,0.0,0.0,0.0,0.0,0.0,0.0,0.14,0.14
aria2_rce,goahead,aria2,negative_family,0.0,0.0,0.0,0.0,0.0,0.0,0.0,0.0,0.14,0.14
aria2_rce,gogs,aria2,negative_family,0.0,0.0,0.0,0.0,0.0,0.0,0.0,0.0,0.14,0.14
aria2_rce,grafana,aria2,negative_family,0.0,0.0,0.0,0.0,0.0,0.0,0.0,0.0,0.14,0.14
aria2_rce,jenkins,aria2,negative_family,0.0,0.0,0.0,0.0,0.0,0.0,0.0,0.0,0.14,0.14
aria2_rce,jetty,aria2,negative_family,0.0,0.0,0.0,0.0,0.0,0.0,0.0,0.0,0.14,0.14
aria2_rce,joomla,aria2,negative_family,0.0,0.0,0.0,0.0,0.0,0.0,0.0,0.0,0.14,0.14
aria2_rce,nextjs,aria2,negative_family,0.0,0.0,0.0,0.0,0.0,0.0,0.0,0.0,0.14,0.14
aria2_rce,nexus,aria2,negative_family,0.0,0.0,0.0,0.0,0.0,0.0,0.0,0.0,0.14,0.14
aria2_rce,nginx,aria2,negative_family,0.0,0.0,0.0,0.0,0.0,0.0,0.0,0.0,0.14,0.14
aria2_rce,phpmyadmin,aria2,negative_family,0.0,0.0,0.0,0.0,0.0,0.0,0.0,0.0,0.14,0.14
aria2_rce,rails,aria2,negative_family,0.0,0.0,0.0,0.0,0.0,0.0,0.0,0.0,0.14,0.14
aria2_rce,redis,aria2,negative_family,0.0,0.0,0.0,0.0,0.0,0.0,1.0,0.0,0.0,0.6
aria2_rce,shiro,aria2,negative_family,0.0,0.0,0.0,0.0,0.0,0.0,0.0,0.0,0.14,0.14
aria2_rce,solr,aria2,negative_family,0.0,0.0,0.0,0.0,0.0,0.0,0.0,0.0,0.14,0.14
aria2_rce,spring,aria2,negative_family,0.0,0.0,0.0,0.0,0.0,0.0,0.0,0.0,0.14,0.14
aria2_rce,struts2,aria2,negative_family,0.0,0.0,0.0,0.0,0.0,0.0,0.0,0.0,0.14,0.14
aria2_rce,thinkphp,aria2,negative_family,0.0,0.0,0.0,0.0,0.0,0.0,0.0,0.0,0.14,0.14
aria2_rce,tomcat,aria2,negative_family,0.0,0.0,0.0,0.0,0.0,0.0,0.0,0.0,0.14,0.14
aria2_rce,webmin,aria2,negative_family,0.0,0.0,0.0,0.0,0.0,0.0,0.0,0.0,0.14,0.14
couchdb_CVE-2017-12635,adminer,couchdb,negative_family,0.0,0.0,0.0,0.0,0.0,0.0,0.25,0.15,0.1,0.4
couchdb_CVE-2017-12635,appweb,couchdb,negative_family,0.0,0.0,0.0,0.0,0.0,0.0,0.25,0.15,0.1,0.4
couchdb_CVE-2017-12635,aria2,couchdb,negative_family,0.0,0.0,0.0,0.0,0.0,0.0,0.0,0.0,0.0,0.0
couchdb_CVE-2017-12635,couchdb,couchdb,positive_family_match,0.0,1.0,0.0,1.0,1.0,1.0,0.25,0.15,0.1,6.500000000000001
couchdb_CVE-2017-12635,druid,couchdb,negative_family,0.0,0.0,0.0,0.0,0.0,0.0,0.25,0.15,0.1,0.4
couchdb_CVE-2017-12635,drupal,couchdb,negative_family,0.0,0.0,0.0,0.0,0.0,0.0,0.25,0.15,0.1,0.4
couchdb_CVE-2017-12635,elasticsearch,couchdb,negative_family,0.0,0.0,0.0,0.0,0.0,0.0,0.25,0.15,0.1,0.4
couchdb_CVE-2017-12635,flask,couchdb,negative_family,0.0,0.0,0.0,0.0,0.0,0.0,0.25,0.15,0.1,0.4
couchdb_CVE-2017-12635,goahead,couchdb,negative_family,0.0,0.0,0.0,0.0,0.0,0.0,0.25,0.15,0.1,0.4
couchdb_CVE-2017-12635,gogs,couchdb,negative_family,0.0,0.0,0.0,0.0,0.0,0.0,0.25,0.15,0.1,0.4
couchdb_CVE-2017-12635,grafana,couchdb,negative_family,0.0,0.0,0.0,0.0,0.0,0.0,0.25,0.15,0.1,0.4
couchdb_CVE-2017-12635,jenkins,couchdb,negative_family,0.0,0.0,0.0,0.0,0.0,0.0,0.25,0.15,0.1,0.4
couchdb_CVE-2017-12635,jetty,couchdb,negative_family,0.0,0.0,0.0,0.0,0.0,0.0,0.25,0.15,0.1,0.4
couchdb_CVE-2017-12635,joomla,couchdb,negative_family,0.0,0.0,0.0,0.0,0.0,0.0,0.25,0.15,0.1,0.4
couchdb_CVE-2017-12635,nextjs,couchdb,negative_family,0.0,0.0,0.0,0.0,0.0,0.0,0.25,0.15,0.1,0.4
couchdb_CVE-2017-12635,nexus,couchdb,negative_family,0.0,0.0,0.0,0.0,0.0,0.0,0.25,0.15,0.1,0.4
couchdb_CVE-2017-12635,nginx,couchdb,negative_family,0.0,0.0,0.0,0.0,0.0,0.0,0.25,0.15,0.1,0.4
couchdb_CVE-2017-12635,phpmyadmin,couchdb,negative_family,0.0,0.0,0.0,0.0,0.0,0.0,0.25,0.15,0.1,0.4
couchdb_CVE-2017-12635,rails,couchdb,negative_family,0.0,0.0,0.0,0.0,0.0,0.0,0.25,0.15,0.1,0.4
couchdb_CVE-2017-12635,redis,couchdb,negative_family,0.0,0.0,0.0,0.0,0.0,0.0,0.0,0.0,0.0,0.0
couchdb_CVE-2017-12635,shiro,couchdb,negative_family,0.0,0.0,0.0,0.0,0.0,0.0,0.25,0.15,0.1,0.4
couchdb_CVE-2017-12635,solr,couchdb,negative_family,0.0,0.0,0.0,0.0,0.0,0.0,0.25,0.15,0.1,0.4
couchdb_CVE-2017-12635,spring,couchdb,negative_family,0.0,0.0,0.0,0.0,0.0,0.0,0.25,0.15,0.1,0.4
couchdb_CVE-2017-12635,struts2,couchdb,negative_family,0.0,0.0,0.0,0.0,0.0,0.0,0.25,0.15,0.1,0.4
couchdb_CVE-2017-12635,thinkphp,couchdb,negative_family,0.0,0.0,0.0,0.0,0.0,0.0,0.25,0.15,0.1,0.4
couchdb_CVE-2017-12635,tomcat,couchdb,negative_family,0.0,0.0,0.0,0.0,0.0,0.0,0.25,0.15,0.1,0.4
couchdb_CVE-2017-12635,webmin,couchdb,negative_family,0.0,0.0,0.0,0.0,0.0,0.0,0.25,0.15,0.1,0.4
couchdb_CVE-2017-12636,adminer,couchdb,negative_family,0.0,0.0,0.0,0.0,0.0,0.0,0.25,0.15,0.1,0.4
couchdb_CVE-2017-12636,appweb,couchdb,negative_family,0.0,0.0,0.0,0.0,0.0,0.0,0.25,0.15,0.1,0.4
couchdb_CVE-2017-12636,aria2,couchdb,negative_family,0.0,0.0,0.0,0.0,0.0,0.0,0.0,0.0,0.0,0.0
couchdb_CVE-2017-12636,couchdb,couchdb,positive_family_match,0.0,1.0,0.0,1.0,1.0,1.0,0.25,0.15,0.1,6.500000000000001
couchdb_CVE-2017-12636,druid,couchdb,negative_family,0.0,0.0,0.0,0.0,0.0,0.0,0.25,0.15,0.1,0.4
couchdb_CVE-2017-12636,drupal,couchdb,negative_family,0.0,0.0,0.0,0.0,0.0,0.0,0.25,0.15,0.1,0.4
couchdb_CVE-2017-12636,elasticsearch,couchdb,negative_family,0.0,0.0,0.0,0.0,0.0,0.0,0.25,0.15,0.1,0.4
couchdb_CVE-2017-12636,flask,couchdb,negative_family,0.0,0.0,0.0,0.0,0.0,0.0,0.25,0.15,0.1,0.4
couchdb_CVE-2017-12636,goahead,couchdb,negative_family,0.0,0.0,0.0,0.0,0.0,0.0,0.25,0.15,0.1,0.4
couchdb_CVE-2017-12636,gogs,couchdb,negative_family,0.0,0.0,0.0,0.0,0.0,0.0,0.25,0.15,0.1,0.4
couchdb_CVE-2017-12636,grafana,couchdb,negative_family,0.0,0.0,0.0,0.0,0.0,0.0,0.25,0.15,0.1,0.4
couchdb_CVE-2017-12636,jenkins,couchdb,negative_family,0.0,0.0,0.0,0.0,0.0,0.0,0.25,0.15,0.1,0.4
couchdb_CVE-2017-12636,jetty,couchdb,negative_family,0.0,0.0,0.0,0.0,0.0,0.0,0.25,0.15,0.1,0.4
couchdb_CVE-2017-12636,joomla,couchdb,negative_family,0.0,0.0,0.0,0.0,0.0,0.0,0.25,0.15,0.1,0.4
couchdb_CVE-2017-12636,nextjs,couchdb,negative_family,0.0,0.0,0.0,0.3333333333333333,0.3333333333333333,0.0,0.25,0.15,0.1,1.5333333333333332
couchdb_CVE-2017-12636,nexus,couchdb,negative_family,0.0,0.0,0.0,0.0,0.0,0.0,0.25,0.15,0.1,0.4
couchdb_CVE-2017-12636,nginx,couchdb,negative_family,0.0,0.0,0.0,0.0,0.0,0.0,0.25,0.15,0.1,0.4
couchdb_CVE-2017-12636,phpmyadmin,couchdb,negative_family,0.0,0.0,0.0,0.0,0.0,0.0,0.25,0.15,0.1,0.4
couchdb_CVE-2017-12636,rails,couchdb,negative_family,0.0,0.0,0.0,0.0,0.0,0.0,0.25,0.15,0.1,0.4
couchdb_CVE-2017-12636,redis,couchdb,negative_family,0.0,0.0,0.0,0.0,0.0,0.0,0.0,0.0,0.0,0.0
couchdb_CVE-2017-12636,shiro,couchdb,negative_family,0.0,0.0,0.0,0.0,0.0,0.0,0.25,0.15,0.1,0.4
couchdb_CVE-2017-12636,solr,couchdb,negative_family,0.0,0.0,0.0,0.0,0.0,0.0,0.25,0.15,0.1,0.4
couchdb_CVE-2017-12636,spring,couchdb,negative_family,0.0,0.0,0.0,0.0,0.0,0.0,0.25,0.15,0.1,0.4
couchdb_CVE-2017-12636,struts2,couchdb,negative_family,0.0,0.0,0.0,0.0,0.0,0.0,0.25,0.15,0.1,0.4
couchdb_CVE-2017-12636,thinkphp,couchdb,negative_family,0.0,0.0,0.0,0.0,0.0,0.0,0.25,0.15,0.1,0.4
couchdb_CVE-2017-12636,tomcat,couchdb,negative_family,0.0,0.0,0.0,0.0,0.0,0.0,0.25,0.15,0.1,0.4
couchdb_CVE-2017-12636,webmin,couchdb,negative_family,0.0,0.0,0.0,0.0,0.0,0.0,0.25,0.15,0.1,0.4
drupal_CVE-2018-7600,adminer,drupal,negative_family,0.0,0.0,0.0,0.0,0.0,1.0,0.25,0.15,0.1,1.1
drupal_CVE-2018-7600,appweb,drupal,negative_family,0.0,0.0,0.0,0.0,0.0,1.0,0.25,0.15,0.1,1.1
drupal_CVE-2018-7600,aria2,drupal,negative_family,0.0,0.0,0.0,0.0,0.0,0.0,0.0,0.0,0.0,0.0
drupal_CVE-2018-7600,couchdb,drupal,negative_family,0.0,0.0,0.0,0.0,0.0,0.0,0.25,0.15,0.1,0.4
drupal_CVE-2018-7600,druid,drupal,negative_family,0.0,0.0,0.0,0.0,0.0,0.0,0.25,0.15,0.1,0.4
drupal_CVE-2018-7600,drupal,drupal,positive_family_match,1.0,0.0,0.0,1.0,1.0,1.0,0.25,0.15,0.1,7.000000000000001
drupal_CVE-2018-7600,elasticsearch,drupal,negative_family,0.0,0.0,0.0,0.0,0.0,0.0,0.25,0.15,0.1,0.4
drupal_CVE-2018-7600,flask,drupal,negative_family,0.0,0.0,0.0,0.0,0.0,0.0,0.25,0.15,0.1,0.4
drupal_CVE-2018-7600,goahead,drupal,negative_family,0.0,0.0,0.0,0.0,0.0,1.0,0.25,0.15,0.1,1.1
drupal_CVE-2018-7600,gogs,drupal,negative_family,0.0,0.0,0.0,0.0,0.0,0.0,0.25,0.15,0.1,0.4
drupal_CVE-2018-7600,grafana,drupal,negative_family,0.0,0.0,0.0,0.0,0.0,0.0,0.25,0.15,0.1,0.4
drupal_CVE-2018-7600,jenkins,drupal,negative_family,0.0,0.0,0.0,0.0,0.0,1.0,0.25,0.15,0.1,1.1
drupal_CVE-2018-7600,jetty,drupal,negative_family,0.0,0.0,0.0,0.0,0.0,1.0,0.25,0.15,0.1,1.1
drupal_CVE-2018-7600,joomla,drupal,negative_family,0.0,0.0,0.0,0.0,0.0,1.0,0.25,0.15,0.1,1.1
drupal_CVE-2018-7600,nextjs,drupal,negative_family,0.0,0.0,0.0,0.0,0.0,0.0,0.25,0.15,0.1,0.4
drupal_CVE-2018-7600,nexus,drupal,negative_family,0.0,0.0,0.0,0.0,0.0,0.0,0.25,0.15,0.1,0.4
drupal_CVE-2018-7600,nginx,drupal,negative_family,0.0,0.0,0.0,0.0,0.0,1.0,0.25,0.15,0.1,1.1
drupal_CVE-2018-7600,phpmyadmin,drupal,negative_family,0.0,0.0,0.0,0.0,0.0,1.0,0.25,0.15,0.1,1.1
drupal_CVE-2018-7600,rails,drupal,negative_family,0.0,0.0,0.0,0.0,0.0,0.0,0.25,0.15,0.1,0.4
drupal_CVE-2018-7600,redis,drupal,negative_family,0.0,0.0,0.0,0.0,0.0,0.0,0.0,0.0,0.0,0.0
drupal_CVE-2018-7600,shiro,drupal,negative_family,0.0,0.0,0.0,0.0,0.0,1.0,0.25,0.15,0.1,1.1
drupal_CVE-2018-7600,solr,drupal,negative_family,0.0,0.0,0.0,0.0,0.0,0.0,0.25,0.15,0.1,0.4
drupal_CVE-2018-7600,spring,drupal,negative_family,0.0,0.0,0.0,0.0,0.0,1.0,0.25,0.15,0.1,1.1
drupal_CVE-2018-7600,struts2,drupal,negative_family,0.0,0.0,0.0,0.0,0.0,1.0,0.25,0.15,0.1,1.1
drupal_CVE-2018-7600,thinkphp,drupal,negative_family,0.0,0.0,0.0,0.0,0.0,1.0,0.25,0.15,0.1,1.1
drupal_CVE-2018-7600,tomcat,drupal,negative_family,0.0,0.0,0.0,0.0,0.0,1.0,0.25,0.15,0.1,1.1
drupal_CVE-2018-7600,webmin,drupal,negative_family,0.0,0.0,0.0,0.0,0.0,0.0,0.25,0.15,0.1,0.4
elasticsearch_CVE-2015-1427,adminer,elasticsearch,negative_family,0.0,0.0,0.0,0.0,0.0,0.0,0.25,0.15,0.1,0.4
elasticsearch_CVE-2015-1427,appweb,elasticsearch,negative_family,0.0,0.0,0.0,0.0,0.0,0.0,0.25,0.15,0.1,0.4
elasticsearch_CVE-2015-1427,aria2,elasticsearch,negative_family,0.0,0.0,0.0,0.0,0.0,0.0,0.0,0.0,0.0,0.0
elasticsearch_CVE-2015-1427,couchdb,elasticsearch,negative_family,0.0,0.0,0.0,0.0,0.0,0.0,0.25,0.15,0.1,0.4
elasticsearch_CVE-2015-1427,druid,elasticsearch,negative_family,0.0,0.0,0.0,0.0,0.0,0.0,0.25,0.15,0.1,0.4
elasticsearch_CVE-2015-1427,drupal,elasticsearch,negative_family,0.0,0.0,0.0,0.0,0.0,0.0,0.25,0.15,0.1,0.4
elasticsearch_CVE-2015-1427,elasticsearch,elasticsearch,positive_family_match,0.0,0.0,0.0,1.0,1.0,1.0,0.25,0.15,0.1,4.500000000000001
elasticsearch_CVE-2015-1427,flask,elasticsearch,negative_family,0.0,0.0,0.0,0.0,0.0,0.0,0.25,0.15,0.1,0.4
elasticsearch_CVE-2015-1427,goahead,elasticsearch,negative_family,0.0,0.0,0.0,0.0,0.0,0.0,0.25,0.15,0.1,0.4
elasticsearch_CVE-2015-1427,gogs,elasticsearch,negative_family,0.0,0.0,0.0,0.0,0.0,0.0,0.25,0.15,0.1,0.4
elasticsearch_CVE-2015-1427,grafana,elasticsearch,negative_family,0.0,0.0,0.0,0.0,0.0,0.0,0.25,0.15,0.1,0.4
elasticsearch_CVE-2015-1427,jenkins,elasticsearch,negative_family,0.0,0.0,0.0,0.0,0.0,0.0,0.25,0.15,0.1,0.4
elasticsearch_CVE-2015-1427,jetty,elasticsearch,negative_family,0.0,0.0,0.0,0.0,0.0,0.0,0.25,0.15,0.1,0.4
elasticsearch_CVE-2015-1427,joomla,elasticsearch,negative_family,0.0,0.0,0.0,0.0,0.0,0.0,0.25,0.15,0.1,0.4
elasticsearch_CVE-2015-1427,nextjs,elasticsearch,negative_family,0.0,0.0,0.0,0.0,0.0,0.0,0.25,0.15,0.1,0.4
elasticsearch_CVE-2015-1427,nexus,elasticsearch,negative_family,0.0,0.0,0.0,0.0,0.0,0.0,0.25,0.15,0.1,0.4
elasticsearch_CVE-2015-1427,nginx,elasticsearch,negative_family,0.0,0.0,0.0,0.0,0.0,0.0,0.25,0.15,0.1,0.4
elasticsearch_CVE-2015-1427,phpmyadmin,elasticsearch,negative_family,0.0,0.0,0.0,0.0,0.0,0.0,0.25,0.15,0.1,0.4
elasticsearch_CVE-2015-1427,rails,elasticsearch,negative_family,0.0,0.0,0.0,0.0,0.0,0.0,0.25,0.15,0.1,0.4
elasticsearch_CVE-2015-1427,redis,elasticsearch,negative_family,0.0,0.0,0.0,0.0,0.0,0.0,0.0,0.0,0.0,0.0
elasticsearch_CVE-2015-1427,shiro,elasticsearch,negative_family,0.0,0.0,0.0,0.0,0.0,0.0,0.25,0.15,0.1,0.4
elasticsearch_CVE-2015-1427,solr,elasticsearch,negative_family,0.0,0.0,0.0,0.0,0.0,0.0,0.25,0.15,0.1,0.4
elasticsearch_CVE-2015-1427,spring,elasticsearch,negative_family,0.0,0.0,0.0,0.0,0.0,0.0,0.25,0.15,0.1,0.4
elasticsearch_CVE-2015-1427,struts2,elasticsearch,negative_family,0.0,0.0,0.0,0.0,0.0,0.0,0.25,0.15,0.1,0.4
elasticsearch_CVE-2015-1427,thinkphp,elasticsearch,negative_family,0.0,0.0,0.0,0.0,0.0,0.0,0.25,0.15,0.1,0.4
elasticsearch_CVE-2015-1427,tomcat,elasticsearch,negative_family,0.0,0.0,0.0,0.0,0.0,0.0,0.25,0.15,0.1,0.4
elasticsearch_CVE-2015-1427,webmin,elasticsearch,negative_family,0.0,0.0,0.0,0.0,0.0,0.0,0.25,0.15,0.1,0.4
flask_ssti,adminer,flask,negative_family,0.0,0.0,0.0,0.0,0.0,0.0,0.25,0.0,0.08,0.22999999999999998
flask_ssti,appweb,flask,negative_family,0.0,0.0,0.0,0.0,0.0,0.0,0.25,0.0,0.08,0.22999999999999998
flask_ssti,aria2,flask,negative_family,0.0,0.0,0.0,0.0,0.0,0.0,0.0,0.0,0.0,0.0
flask_ssti,couchdb,flask,negative_family,0.0,0.0,0.0,0.0,0.0,0.0,0.25,0.0,0.08,0.22999999999999998
flask_ssti,druid,flask,negative_family,0.0,0.0,0.0,0.0,0.0,0.0,0.25,0.0,0.08,0.22999999999999998
flask_ssti,drupal,flask,negative_family,0.0,0.0,0.0,0.0,0.0,0.0,0.25,0.0,0.08,0.22999999999999998
flask_ssti,elasticsearch,flask,negative_family,0.0,0.0,0.0,0.0,0.0,0.0,0.25,0.0,0.08,0.22999999999999998
flask_ssti,flask,flask,positive_family_match,0.0,0.3333333333333333,0.0,0.3333333333333333,0.3333333333333333,1.0,0.25,0.0,0.08,2.73
flask_ssti,goahead,flask,negative_family,0.0,0.0,0.0,0.0,0.0,0.0,0.25,0.0,0.08,0.22999999999999998
flask_ssti,gogs,flask,negative_family,0.0,0.0,0.0,0.0,0.0,0.0,0.25,0.0,0.08,0.22999999999999998
flask_ssti,grafana,flask,negative_family,0.0,0.0,0.0,0.0,0.0,0.0,0.25,0.0,0.08,0.22999999999999998
flask_ssti,jenkins,flask,negative_family,0.0,0.0,0.0,0.0,0.0,0.0,0.25,0.0,0.08,0.22999999999999998
flask_ssti,jetty,flask,negative_family,0.0,0.0,0.0,0.0,0.0,0.0,0.25,0.0,0.08,0.22999999999999998
flask_ssti,joomla,flask,negative_family,0.0,0.0,0.0,0.0,0.0,0.0,0.25,0.0,0.08,0.22999999999999998
flask_ssti,nextjs,flask,negative_family,0.0,0.0,0.0,0.0,0.0,0.0,0.25,0.0,0.08,0.22999999999999998
flask_ssti,nexus,flask,negative_family,0.0,0.0,0.0,0.0,0.0,0.0,0.25,0.0,0.08,0.22999999999999998
flask_ssti,nginx,flask,negative_family,0.0,0.0,0.0,0.0,0.0,0.0,0.25,0.0,0.08,0.22999999999999998
flask_ssti,phpmyadmin,flask,negative_family,0.0,0.0,0.0,0.0,0.0,0.0,0.25,0.0,0.08,0.22999999999999998
flask_ssti,rails,flask,negative_family,0.0,0.0,0.0,0.0,0.0,0.0,0.25,0.0,0.08,0.22999999999999998
flask_ssti,redis,flask,negative_family,0.0,0.0,0.0,0.0,0.0,0.0,0.0,0.0,0.0,0.0
flask_ssti,shiro,flask,negative_family,0.0,0.0,0.0,0.0,0.0,0.0,0.25,0.0,0.08,0.22999999999999998
flask_ssti,solr,flask,negative_family,0.0,0.0,0.0,0.0,0.0,0.0,0.25,0.0,0.08,0.22999999999999998
flask_ssti,spring,flask,negative_family,0.0,0.0,0.0,0.0,0.0,0.0,0.25,0.0,0.08,0.22999999999999998
flask_ssti,struts2,flask,negative_family,0.0,0.0,0.0,0.0,0.0,0.0,0.25,0.0,0.08,0.22999999999999998
flask_ssti,thinkphp,flask,negative_family,0.0,0.0,0.0,0.0,0.0,0.0,0.25,0.0,0.08,0.22999999999999998
flask_ssti,tomcat,flask,negative_family,0.0,0.0,0.0,0.0,0.0,0.0,0.25,0.0,0.08,0.22999999999999998
flask_ssti,webmin,flask,negative_family,0.0,0.0,0.0,0.0,0.0,0.0,0.25,0.0,0.08,0.22999999999999998
goahead_CVE-2017-17562,adminer,goahead,negative_family,0.0,0.0,0.0,0.0,0.0,1.0,0.25,0.15,0.2,1.2
goahead_CVE-2017-17562,appweb,goahead,negative_family,0.0,0.0,0.0,0.0,0.0,1.0,0.25,0.15,0.2,1.2
goahead_CVE-2017-17562,aria2,goahead,negative_family,0.0,0.0,0.0,0.0,0.0,0.0,0.0,0.0,0.0,0.0
goahead_CVE-2017-17562,couchdb,goahead,negative_family,0.0,0.0,0.0,0.0,0.0,0.0,0.25,0.15,0.2,0.5
goahead_CVE-2017-17562,druid,goahead,negative_family,0.0,0.0,0.0,0.0,0.0,0.0,0.25,0.15,0.2,0.5
goahead_CVE-2017-17562,drupal,goahead,negative_family,0.0,0.0,0.0,0.0,0.0,1.0,0.25,0.15,0.2,1.2
goahead_CVE-2017-17562,elasticsearch,goahead,negative_family,0.0,0.0,0.0,0.0,0.0,0.0,0.25,0.15,0.2,0.5
goahead_CVE-2017-17562,flask,goahead,negative_family,0.0,0.0,0.0,0.0,0.0,0.0,0.25,0.15,0.2,0.5
goahead_CVE-2017-17562,goahead,goahead,positive_family_match,0.0,0.0,0.0,1.0,1.0,1.0,0.25,0.15,0.2,4.600000000000001
goahead_CVE-2017-17562,gogs,goahead,negative_family,0.0,0.0,0.0,0.0,0.0,0.0,0.25,0.15,0.2,0.5
goahead_CVE-2017-17562,grafana,goahead,negative_family,0.0,0.0,0.0,0.0,0.0,0.0,0.25,0.15,0.2,0.5
goahead_CVE-2017-17562,jenkins,goahead,negative_family,0.0,0.0,0.0,0.0,0.0,1.0,0.25,0.15,0.2,1.2
goahead_CVE-2017-17562,jetty,goahead,negative_family,0.0,0.0,0.0,0.0,0.0,1.0,0.25,0.15,0.2,1.2
goahead_CVE-2017-17562,joomla,goahead,negative_family,0.0,0.0,0.0,0.0,0.0,1.0,0.25,0.15,0.2,1.2
goahead_CVE-2017-17562,nextjs,goahead,negative_family,0.0,0.0,0.0,0.0,0.0,0.0,0.25,0.15,0.2,0.5
goahead_CVE-2017-17562,nexus,goahead,negative_family,0.0,0.0,0.0,0.0,0.0,0.0,0.25,0.15,0.2,0.5
goahead_CVE-2017-17562,nginx,goahead,negative_family,0.0,0.0,0.0,0.0,0.0,1.0,0.25,0.15,0.2,1.2
goahead_CVE-2017-17562,phpmyadmin,goahead,negative_family,0.0,0.0,0.0,0.0,0.0,1.0,0.25,0.15,0.2,1.2
goahead_CVE-2017-17562,rails,goahead,negative_family,0.0,0.0,0.0,0.0,0.0,0.0,0.25,0.15,0.2,0.5
goahead_CVE-2017-17562,redis,goahead,negative_family,0.0,0.0,0.0,0.0,0.0,0.0,0.0,0.0,0.0,0.0
goahead_CVE-2017-17562,shiro,goahead,negative_family,0.0,0.0,0.0,0.0,0.0,1.0,0.25,0.15,0.2,1.2
goahead_CVE-2017-17562,solr,goahead,negative_family,0.0,0.0,0.0,0.0,0.0,0.0,0.25,0.15,0.2,0.5
goahead_CVE-2017-17562,spring,goahead,negative_family,0.0,0.0,0.0,0.0,0.0,1.0,0.25,0.15,0.2,1.2
goahead_CVE-2017-17562,struts2,goahead,negative_family,0.0,0.0,0.0,0.0,0.0,1.0,0.25,0.15,0.2,1.2
goahead_CVE-2017-17562,thinkphp,goahead,negative_family,0.0,0.0,0.0,0.0,0.0,1.0,0.25,0.15,0.2,1.2
goahead_CVE-2017-17562,tomcat,goahead,negative_family,0.0,0.0,0.0,0.0,0.0,1.0,0.25,0.15,0.2,1.2
goahead_CVE-2017-17562,webmin,goahead,negative_family,0.0,0.0,0.0,0.0,0.0,0.0,0.25,0.15,0.2,0.5
gogs_CVE-2018-18925,adminer,gogs,negative_family,0.0,0.0,0.0,0.0,0.0,0.0,0.25,0.15,0.1,0.4
gogs_CVE-2018-18925,appweb,gogs,negative_family,0.0,0.0,0.0,0.0,0.0,0.0,0.25,0.15,0.1,0.4
gogs_CVE-2018-18925,aria2,gogs,negative_family,0.0,0.0,0.0,0.0,0.0,0.0,0.0,0.0,0.0,0.0
gogs_CVE-2018-18925,couchdb,gogs,negative_family,0.0,0.0,0.0,0.0,0.0,0.0,0.25,0.15,0.1,0.4
gogs_CVE-2018-18925,druid,gogs,negative_family,0.0,0.0,0.0,0.0,0.0,0.0,0.25,0.15,0.1,0.4
gogs_CVE-2018-18925,drupal,gogs,negative_family,0.0,0.0,0.0,0.0,0.0,0.0,0.25,0.15,0.1,0.4
gogs_CVE-2018-18925,elasticsearch,gogs,negative_family,0.0,0.0,0.0,0.0,0.0,0.0,0.25,0.15,0.1,0.4
gogs_CVE-2018-18925,flask,gogs,negative_family,0.0,0.0,0.0,0.0,0.0,0.0,0.25,0.15,0.1,0.4
gogs_CVE-2018-18925,goahead,gogs,negative_family,0.0,0.0,0.0,0.0,0.0,0.0,0.25,0.15,0.1,0.4
gogs_CVE-2018-18925,gogs,gogs,positive_family_match,1.0,0.0,0.0,1.0,1.0,1.0,0.25,0.15,0.1,7.000000000000001
gogs_CVE-2018-18925,grafana,gogs,negative_family,0.0,0.0,0.0,0.0,0.0,1.0,0.25,0.15,0.1,1.1
gogs_CVE-2018-18925,jenkins,gogs,negative_family,0.0,0.0,0.0,0.0,0.0,0.0,0.25,0.15,0.1,0.4
gogs_CVE-2018-18925,jetty,gogs,negative_family,0.0,0.0,0.0,0.0,0.0,0.0,0.25,0.15,0.1,0.4
gogs_CVE-2018-18925,joomla,gogs,negative_family,0.0,0.0,0.0,0.0,0.0,0.0,0.25,0.15,0.1,0.4
gogs_CVE-2018-18925,nextjs,gogs,negative_family,0.0,0.0,0.0,0.0,0.0,1.0,0.25,0.15,0.1,1.1
gogs_CVE-2018-18925,nexus,gogs,negative_family,0.0,0.0,0.0,0.0,0.0,0.0,0.25,0.15,0.1,0.4
gogs_CVE-2018-18925,nginx,gogs,negative_family,0.0,0.0,0.0,0.0,0.0,0.0,0.25,0.15,0.1,0.4
gogs_CVE-2018-18925,phpmyadmin,gogs,negative_family,0.0,0.0,0.0,0.0,0.0,0.0,0.25,0.15,0.1,0.4
gogs_CVE-2018-18925,rails,gogs,negative_family,0.0,0.0,0.0,0.0,0.0,1.0,0.25,0.15,0.1,1.1
gogs_CVE-2018-18925,redis,gogs,negative_family,0.0,0.0,0.0,0.0,0.0,0.0,0.0,0.0,0.0,0.0
gogs_CVE-2018-18925,shiro,gogs,negative_family,0.0,0.0,0.0,0.0,0.0,0.0,0.25,0.15,0.1,0.4
gogs_CVE-2018-18925,solr,gogs,negative_family,0.0,0.0,0.0,0.0,0.0,0.0,0.25,0.15,0.1,0.4
gogs_CVE-2018-18925,spring,gogs,negative_family,0.0,0.0,0.0,0.0,0.0,0.0,0.25,0.15,0.1,0.4
gogs_CVE-2018-18925,struts2,gogs,negative_family,0.0,0.0,0.0,0.0,0.0,0.0,0.25,0.15,0.1,0.4
gogs_CVE-2018-18925,thinkphp,gogs,negative_family,0.0,0.0,0.0,0.0,0.0,0.0,0.25,0.15,0.1,0.4
gogs_CVE-2018-18925,tomcat,gogs,negative_family,0.0,0.0,0.0,0.0,0.0,0.0,0.25,0.15,0.1,0.4
gogs_CVE-2018-18925,webmin,gogs,negative_family,0.0,0.0,0.0,0.0,0.0,0.0,0.25,0.15,0.1,0.4
grafana_CVE-2021-43798,adminer,grafana,negative_family,0.0,0.0,0.0,0.0,0.0,0.0,0.25,0.15,0.2,0.5
grafana_CVE-2021-43798,appweb,grafana,negative_family,0.0,0.0,0.0,0.0,0.0,0.0,0.25,0.15,0.2,0.5
grafana_CVE-2021-43798,aria2,grafana,negative_family,0.0,0.0,0.0,0.0,0.0,0.0,0.0,0.0,0.0,0.0
grafana_CVE-2021-43798,couchdb,grafana,negative_family,0.0,0.0,0.0,0.0,0.0,0.0,0.25,0.15,0.2,0.5
grafana_CVE-2021-43798,druid,grafana,negative_family,0.0,0.0,0.0,0.0,0.0,0.0,0.25,0.15,0.2,0.5
grafana_CVE-2021-43798,drupal,grafana,negative_family,0.0,0.0,0.0,0.0,0.0,0.0,0.25,0.15,0.2,0.5
grafana_CVE-2021-43798,elasticsearch,grafana,negative_family,0.0,0.0,0.0,0.0,0.0,0.0,0.25,0.15,0.2,0.5
grafana_CVE-2021-43798,flask,grafana,negative_family,0.0,0.0,0.0,0.0,0.0,0.0,0.25,0.15,0.2,0.5
grafana_CVE-2021-43798,goahead,grafana,negative_family,0.0,0.0,0.0,0.0,0.0,0.0,0.25,0.15,0.2,0.5
grafana_CVE-2021-43798,gogs,grafana,negative_family,0.0,0.0,0.0,0.0,0.0,1.0,0.25,0.15,0.2,1.2
grafana_CVE-2021-43798,grafana,grafana,positive_family_match,1.0,0.0,0.0,1.0,1.0,1.0,0.25,0.15,0.2,7.100000000000001
grafana_CVE-2021-43798,jenkins,grafana,negative_family,0.0,0.0,0.0,0.0,0.0,0.0,0.25,0.15,0.2,0.5
grafana_CVE-2021-43798,jetty,grafana,negative_family,0.0,0.0,0.0,0.0,0.0,0.0,0.25,0.15,0.2,0.5
grafana_CVE-2021-43798,joomla,grafana,negative_family,0.0,0.0,0.0,0.0,0.0,0.0,0.25,0.15,0.2,0.5
grafana_CVE-2021-43798,nextjs,grafana,negative_family,0.0,0.0,0.0,0.0,0.0,1.0,0.25,0.15,0.2,1.2
grafana_CVE-2021-43798,nexus,grafana,negative_family,0.0,0.0,0.0,0.0,0.0,0.0,0.25,0.15,0.2,0.5
grafana_CVE-2021-43798,nginx,grafana,negative_family,0.0,0.0,0.0,0.0,0.0,0.0,0.25,0.15,0.2,0.5
grafana_CVE-2021-43798,phpmyadmin,grafana,negative_family,0.0,0.0,0.0,0.0,0.0,0.0,0.25,0.15,0.2,0.5
grafana_CVE-2021-43798,rails,grafana,negative_family,0.0,0.0,0.0,0.0,0.0,1.0,0.25,0.15,0.2,1.2
grafana_CVE-2021-43798,redis,grafana,negative_family,0.0,0.0,0.0,0.0,0.0,0.0,0.0,0.0,0.0,0.0
grafana_CVE-2021-43798,shiro,grafana,negative_family,0.0,0.0,0.0,0.0,0.0,0.0,0.25,0.15,0.2,0.5
grafana_CVE-2021-43798,solr,grafana,negative_family,0.0,0.0,0.0,0.0,0.0,0.0,0.25,0.15,0.2,0.5
grafana_CVE-2021-43798,spring,grafana,negative_family,0.0,0.0,0.0,0.0,0.0,0.0,0.25,0.15,0.2,0.5
grafana_CVE-2021-43798,struts2,grafana,negative_family,0.0,0.0,0.0,0.0,0.0,0.0,0.25,0.15,0.2,0.5
grafana_CVE-2021-43798,thinkphp,grafana,negative_family,0.0,0.0,0.0,0.0,0.0,0.0,0.25,0.15,0.2,0.5
grafana_CVE-2021-43798,tomcat,grafana,negative_family,0.0,0.0,0.0,0.0,0.0,0.0,0.25,0.15,0.2,0.5
grafana_CVE-2021-43798,webmin,grafana,negative_family,0.0,0.0,0.0,0.0,0.0,0.0,0.25,0.15,0.2,0.5
jenkins_CVE-2018-1000861,adminer,jenkins,negative_family,0.0,0.0,0.0,0.0,0.0,1.0,0.25,0.15,0.1,1.1
jenkins_CVE-2018-1000861,appweb,jenkins,negative_family,0.0,0.0,0.0,0.0,0.0,1.0,0.25,0.15,0.1,1.1
jenkins_CVE-2018-1000861,aria2,jenkins,negative_family,0.0,0.0,0.0,0.0,0.0,0.0,0.0,0.0,0.0,0.0
jenkins_CVE-2018-1000861,couchdb,jenkins,negative_family,0.0,0.0,0.0,0.0,0.0,0.0,0.25,0.15,0.1,0.4
jenkins_CVE-2018-1000861,druid,jenkins,negative_family,0.0,0.0,0.0,0.0,0.0,0.0,0.25,0.15,0.1,0.4
jenkins_CVE-2018-1000861,drupal,jenkins,negative_family,0.0,0.0,0.0,0.0,0.0,1.0,0.25,0.15,0.1,1.1
jenkins_CVE-2018-1000861,elasticsearch,jenkins,negative_family,0.0,0.0,0.0,0.0,0.0,0.0,0.25,0.15,0.1,0.4
jenkins_CVE-2018-1000861,flask,jenkins,negative_family,0.0,0.0,0.0,0.0,0.0,0.0,0.25,0.15,0.1,0.4
jenkins_CVE-2018-1000861,goahead,jenkins,negative_family,0.0,0.0,0.0,0.0,0.0,1.0,0.25,0.15,0.1,1.1
jenkins_CVE-2018-1000861,gogs,jenkins,negative_family,0.0,0.0,0.0,0.0,0.0,0.0,0.25,0.15,0.1,0.4
jenkins_CVE-2018-1000861,grafana,jenkins,negative_family,0.0,0.0,0.0,0.0,0.0,0.0,0.25,0.15,0.1,0.4
jenkins_CVE-2018-1000861,jenkins,jenkins,positive_family_match,1.0,0.0,0.0,1.0,1.0,1.0,0.25,0.15,0.1,7.000000000000001
jenkins_CVE-2018-1000861,jetty,jenkins,negative_family,0.0,1.0,0.0,1.0,1.0,1.0,0.25,0.15,0.1,6.500000000000001
jenkins_CVE-2018-1000861,joomla,jenkins,negative_family,0.0,0.0,0.0,0.0,0.0,1.0,0.25,0.15,0.1,1.1
jenkins_CVE-2018-1000861,nextjs,jenkins,negative_family,0.0,0.0,0.0,0.0,0.0,0.0,0.25,0.15,0.1,0.4
jenkins_CVE-2018-1000861,nexus,jenkins,negative_family,0.0,0.0,0.0,0.0,0.0,0.0,0.25,0.15,0.1,0.4
jenkins_CVE-2018-1000861,nginx,jenkins,negative_family,0.0,0.0,0.0,0.0,0.0,1.0,0.25,0.15,0.1,1.1
jenkins_CVE-2018-1000861,phpmyadmin,jenkins,negative_family,0.0,0.0,0.0,0.0,0.0,1.0,0.25,0.15,0.1,1.1
jenkins_CVE-2018-1000861,rails,jenkins,negative_family,0.0,0.0,0.0,0.0,0.0,0.0,0.25,0.15,0.1,0.4
jenkins_CVE-2018-1000861,redis,jenkins,negative_family,0.0,0.0,0.0,0.0,0.0,0.0,0.0,0.0,0.0,0.0
jenkins_CVE-2018-1000861,shiro,jenkins,negative_family,0.0,0.0,0.0,0.0,0.0,1.0,0.25,0.15,0.1,1.1
jenkins_CVE-2018-1000861,solr,jenkins,negative_family,0.0,0.0,0.0,0.0,0.0,0.0,0.25,0.15,0.1,0.4
jenkins_CVE-2018-1000861,spring,jenkins,negative_family,0.0,0.0,0.0,0.0,0.0,1.0,0.25,0.15,0.1,1.1
jenkins_CVE-2018-1000861,struts2,jenkins,negative_family,0.0,0.0,0.0,0.0,0.0,1.0,0.25,0.15,0.1,1.1
jenkins_CVE-2018-1000861,thinkphp,jenkins,negative_family,0.0,0.0,0.0,0.0,0.0,1.0,0.25,0.15,0.1,1.1
jenkins_CVE-2018-1000861,tomcat,jenkins,negative_family,0.0,0.0,0.0,0.0,0.0,1.0,0.25,0.15,0.1,1.1
jenkins_CVE-2018-1000861,webmin,jenkins,negative_family,0.0,0.0,0.0,0.0,0.0,0.0,0.25,0.15,0.1,0.4
jetty_CVE-2021-28164,adminer,jetty,negative_family,0.0,0.0,0.0,0.0,0.0,1.0,0.25,0.15,0.1,1.1
jetty_CVE-2021-28164,appweb,jetty,negative_family,0.0,0.0,0.0,0.0,0.0,1.0,0.25,0.15,0.1,1.1
jetty_CVE-2021-28164,aria2,jetty,negative_family,0.0,0.0,0.0,0.0,0.0,0.0,0.0,0.0,0.0,0.0
jetty_CVE-2021-28164,couchdb,jetty,negative_family,0.0,0.0,0.0,0.0,0.0,0.0,0.25,0.15,0.1,0.4
jetty_CVE-2021-28164,druid,jetty,negative_family,0.0,0.0,0.0,0.0,0.0,0.0,0.25,0.15,0.1,0.4
jetty_CVE-2021-28164,drupal,jetty,negative_family,0.0,0.0,0.0,0.0,0.0,1.0,0.25,0.15,0.1,1.1
jetty_CVE-2021-28164,elasticsearch,jetty,negative_family,0.0,0.0,0.0,0.0,0.0,0.0,0.25,0.15,0.1,0.4
jetty_CVE-2021-28164,flask,jetty,negative_family,0.0,0.0,0.0,0.0,0.0,0.0,0.25,0.15,0.1,0.4
jetty_CVE-2021-28164,goahead,jetty,negative_family,0.0,0.0,0.0,0.0,0.0,1.0,0.25,0.15,0.1,1.1
jetty_CVE-2021-28164,gogs,jetty,negative_family,0.0,0.0,0.0,0.0,0.0,0.0,0.25,0.15,0.1,0.4
jetty_CVE-2021-28164,grafana,jetty,negative_family,0.0,0.0,0.0,0.0,0.0,0.0,0.25,0.15,0.1,0.4
jetty_CVE-2021-28164,jenkins,jetty,negative_family,0.0,0.0,0.0,0.0,0.0,1.0,0.25,0.15,0.1,1.1
jetty_CVE-2021-28164,jetty,jetty,positive_family_match,0.0,1.0,1.0,1.0,1.0,1.0,0.25,0.15,0.1,8.5
jetty_CVE-2021-28164,joomla,jetty,negative_family,0.0,0.0,0.0,0.0,0.0,1.0,0.25,0.15,0.1,1.1
jetty_CVE-2021-28164,nextjs,jetty,negative_family,0.0,0.0,0.0,0.0,0.0,0.0,0.25,0.15,0.1,0.4
jetty_CVE-2021-28164,nexus,jetty,negative_family,0.0,0.0,0.0,0.0,0.0,0.0,0.25,0.15,0.1,0.4
jetty_CVE-2021-28164,nginx,jetty,negative_family,0.0,0.0,0.0,0.0,0.0,1.0,0.25,0.15,0.1,1.1
jetty_CVE-2021-28164,phpmyadmin,jetty,negative_family,0.0,0.0,0.0,0.0,0.0,1.0,0.25,0.15,0.1,1.1
jetty_CVE-2021-28164,rails,jetty,negative_family,0.0,0.0,0.0,0.0,0.0,0.0,0.25,0.15,0.1,0.4
jetty_CVE-2021-28164,redis,jetty,negative_family,0.0,0.0,0.0,0.0,0.0,0.0,0.0,0.0,0.0,0.0
jetty_CVE-2021-28164,shiro,jetty,negative_family,0.0,0.0,0.0,0.0,0.0,1.0,0.25,0.15,0.1,1.1
jetty_CVE-2021-28164,solr,jetty,negative_family,0.0,0.0,0.0,0.0,0.0,0.0,0.25,0.15,0.1,0.4
jetty_CVE-2021-28164,spring,jetty,negative_family,0.0,0.0,0.0,0.0,0.0,1.0,0.25,0.15,0.1,1.1
jetty_CVE-2021-28164,struts2,jetty,negative_family,0.0,0.0,0.0,0.0,0.0,1.0,0.25,0.15,0.1,1.1
jetty_CVE-2021-28164,thinkphp,jetty,negative_family,0.0,0.0,0.0,0.0,0.0,1.0,0.25,0.15,0.1,1.1
jetty_CVE-2021-28164,tomcat,jetty,negative_family,0.0,0.0,0.0,0.0,0.0,1.0,0.25,0.15,0.1,1.1
jetty_CVE-2021-28164,webmin,jetty,negative_family,0.0,0.0,0.0,0.0,0.0,0.0,0.25,0.15,0.1,0.4
joomla_CVE-2023-23752,adminer,joomla,negative_family,0.0,0.0,0.0,0.0,0.0,0.0,0.25,0.2,0.6000000000000001,0.9500000000000001
joomla_CVE-2023-23752,appweb,joomla,negative_family,0.0,0.0,0.0,0.0,0.0,0.0,0.25,0.2,0.6000000000000001,0.9500000000000001
joomla_CVE-2023-23752,aria2,joomla,negative_family,0.0,0.0,0.0,0.0,0.0,0.0,0.0,0.0,0.0,0.0
joomla_CVE-2023-23752,couchdb,joomla,negative_family,0.0,0.0,0.0,0.0,0.0,0.0,0.25,0.2,0.6000000000000001,0.9500000000000001
joomla_CVE-2023-23752,druid,joomla,negative_family,0.0,0.0,0.0,0.0,0.0,0.0,0.25,0.2,0.6000000000000001,0.9500000000000001
joomla_CVE-2023-23752,drupal,joomla,negative_family,0.0,0.0,0.0,0.0,0.0,0.0,0.25,0.2,0.6000000000000001,0.9500000000000001
joomla_CVE-2023-23752,elasticsearch,joomla,negative_family,0.0,0.0,0.0,0.0,0.0,0.0,0.25,0.2,0.6000000000000001,0.9500000000000001
joomla_CVE-2023-23752,flask,joomla,negative_family,0.0,0.0,0.0,0.0,0.0,0.0,0.25,0.2,0.6000000000000001,0.9500000000000001
joomla_CVE-2023-23752,goahead,joomla,negative_family,0.0,0.0,0.0,0.0,0.0,0.0,0.25,0.2,0.6000000000000001,0.9500000000000001
joomla_CVE-2023-23752,gogs,joomla,negative_family,0.0,0.0,0.0,0.0,0.0,0.0,0.25,0.2,0.6000000000000001,0.9500000000000001
joomla_CVE-2023-23752,grafana,joomla,negative_family,0.0,0.0,0.0,0.0,0.0,0.0,0.25,0.2,0.6000000000000001,0.9500000000000001
joomla_CVE-2023-23752,jenkins,joomla,negative_family,0.0,0.0,0.0,0.0,0.0,0.0,0.25,0.2,0.6000000000000001,0.9500000000000001
joomla_CVE-2023-23752,jetty,joomla,negative_family,0.0,0.0,0.0,0.0,0.0,0.0,0.25,0.2,0.6000000000000001,0.9500000000000001
joomla_CVE-2023-23752,joomla,joomla,positive_family_match,0.0,0.0,0.0,1.0,1.0,0.0,0.25,0.2,0.6000000000000001,4.3500000000000005
joomla_CVE-2023-23752,nextjs,joomla,negative_family,0.0,0.0,0.0,0.0,0.0,0.0,0.25,0.2,0.6000000000000001,0.9500000000000001
joomla_CVE-2023-23752,nexus,joomla,negative_family,0.0,0.0,0.0,0.0,0.0,0.0,0.25,0.2,0.6000000000000001,0.9500000000000001
joomla_CVE-2023-23752,nginx,joomla,negative_family,0.0,0.0,0.0,0.0,0.0,0.0,0.25,0.2,0.6000000000000001,0.9500000000000001
joomla_CVE-2023-23752,phpmyadmin,joomla,negative_family,0.0,0.0,0.0,0.0,0.0,0.0,0.25,0.2,0.6000000000000001,0.9500000000000001
joomla_CVE-2023-23752,rails,joomla,negative_family,0.0,0.0,0.0,0.0,0.0,0.0,0.25,0.2,0.6000000000000001,0.9500000000000001
joomla_CVE-2023-23752,redis,joomla,negative_family,0.0,0.0,0.0,0.0,0.0,0.0,0.0,0.0,0.0,0.0
joomla_CVE-2023-23752,shiro,joomla,negative_family,0.0,0.0,0.0,0.25,0.25,0.0,0.25,0.2,0.6000000000000001,1.8
joomla_CVE-2023-23752,solr,joomla,negative_family,0.0,0.0,0.0,0.0,0.0,0.0,0.25,0.2,0.6000000000000001,0.9500000000000001
joomla_CVE-2023-23752,spring,joomla,negative_family,0.0,0.0,0.0,0.0,0.0,0.0,0.25,0.2,0.6000000000000001,0.9500000000000001
joomla_CVE-2023-23752,struts2,joomla,negative_family,0.0,0.0,0.0,0.0,0.0,0.0,0.25,0.2,0.6000000000000001,0.9500000000000001
joomla_CVE-2023-23752,thinkphp,joomla,negative_family,0.0,0.0,0.0,0.0,0.0,0.0,0.25,0.2,0.6000000000000001,0.9500000000000001
joomla_CVE-2023-23752,tomcat,joomla,negative_family,0.0,0.0,0.0,0.0,0.0,0.0,0.25,0.2,0.6000000000000001,0.9500000000000001
joomla_CVE-2023-23752,webmin,joomla,negative_family,0.0,0.0,0.0,0.0,0.0,0.0,0.25,0.2,0.6000000000000001,0.9500000000000001
nextjs_CVE-2025-29927,adminer,nextjs,negative_family,0.0,0.0,0.0,0.0,0.0,0.0,0.25,0.25,0.32,0.72
nextjs_CVE-2025-29927,appweb,nextjs,negative_family,0.0,0.0,0.0,0.0,0.0,0.0,0.25,0.25,0.32,0.72
nextjs_CVE-2025-29927,aria2,nextjs,negative_family,0.0,0.0,0.0,0.0,0.0,0.0,0.0,0.0,0.0,0.0
nextjs_CVE-2025-29927,couchdb,nextjs,negative_family,0.0,0.0,0.0,0.0,0.0,0.0,0.25,0.25,0.32,0.72
nextjs_CVE-2025-29927,druid,nextjs,negative_family,0.0,0.0,0.0,0.0,0.0,0.0,0.25,0.25,0.32,0.72
nextjs_CVE-2025-29927,drupal,nextjs,negative_family,0.0,0.0,0.0,1.0,1.0,0.0,0.25,0.25,0.32,4.12
nextjs_CVE-2025-29927,elasticsearch,nextjs,negative_family,0.0,0.0,0.0,0.0,0.0,0.0,0.25,0.25,0.32,0.72
nextjs_CVE-2025-29927,flask,nextjs,negative_family,0.0,0.0,0.0,0.0,0.0,0.0,0.25,0.25,0.32,0.72
nextjs_CVE-2025-29927,goahead,nextjs,negative_family,0.0,0.0,0.0,0.0,0.0,0.0,0.25,0.25,0.32,0.72
nextjs_CVE-2025-29927,gogs,nextjs,negative_family,0.0,0.0,0.0,0.0,0.0,1.0,0.25,0.25,0.32,1.4200000000000002
nextjs_CVE-2025-29927,grafana,nextjs,negative_family,0.0,0.0,0.0,0.0,0.0,1.0,0.25,0.25,0.32,1.4200000000000002
nextjs_CVE-2025-29927,jenkins,nextjs,negative_family,0.0,0.0,0.0,0.0,0.0,0.0,0.25,0.25,0.32,0.72
nextjs_CVE-2025-29927,jetty,nextjs,negative_family,0.0,0.0,0.0,0.0,0.0,0.0,0.25,0.25,0.32,0.72
nextjs_CVE-2025-29927,joomla,nextjs,negative_family,0.0,0.0,0.0,0.0,0.0,0.0,0.25,0.25,0.32,0.72
nextjs_CVE-2025-29927,nextjs,nextjs,positive_family_match,0.0,0.0,0.0,1.0,1.0,1.0,0.25,0.25,0.32,4.820000000000001
nextjs_CVE-2025-29927,nexus,nextjs,negative_family,0.0,0.0,0.0,0.0,0.0,0.0,0.25,0.25,0.32,0.72
nextjs_CVE-2025-29927,nginx,nextjs,negative_family,0.0,0.0,0.0,0.0,0.0,0.0,0.25,0.25,0.32,0.72
nextjs_CVE-2025-29927,phpmyadmin,nextjs,negative_family,0.0,0.0,0.0,0.0,0.0,0.0,0.25,0.25,0.32,0.72
nextjs_CVE-2025-29927,rails,nextjs,negative_family,0.0,0.0,0.0,0.0,0.0,1.0,0.25,0.25,0.32,1.4200000000000002
nextjs_CVE-2025-29927,redis,nextjs,negative_family,0.0,0.0,0.0,0.0,0.0,0.0,0.0,0.0,0.0,0.0
nextjs_CVE-2025-29927,shiro,nextjs,negative_family,0.0,0.0,0.0,0.0,0.0,0.0,0.25,0.25,0.32,0.72
nextjs_CVE-2025-29927,solr,nextjs,negative_family,0.0,0.0,0.0,0.0,0.0,0.0,0.25,0.25,0.32,0.72
nextjs_CVE-2025-29927,spring,nextjs,negative_family,0.0,0.0,0.0,0.0,0.0,0.0,0.25,0.25,0.32,0.72
nextjs_CVE-2025-29927,struts2,nextjs,negative_family,0.0,0.0,0.0,0.0,0.0,0.0,0.25,0.25,0.32,0.72
nextjs_CVE-2025-29927,thinkphp,nextjs,negative_family,0.0,0.0,0.0,0.0,0.0,0.0,0.25,0.25,0.32,0.72
nextjs_CVE-2025-29927,tomcat,nextjs,negative_family,0.0,0.0,0.0,0.0,0.0,0.0,0.25,0.25,0.32,0.72
nextjs_CVE-2025-29927,webmin,nextjs,negative_family,0.0,0.0,0.0,0.0,0.0,0.0,0.25,0.25,0.32,0.72
nexus_CVE-2019-7238,adminer,nexus,negative_family,0.0,0.0,0.0,0.0,0.0,0.0,0.25,0.0,0.04,0.19
nexus_CVE-2019-7238,appweb,nexus,negative_family,0.0,0.0,0.0,0.0,0.0,0.0,0.25,0.0,0.04,0.19
nexus_CVE-2019-7238,aria2,nexus,negative_family,0.0,0.0,0.0,0.0,0.0,0.0,0.0,0.0,0.0,0.0
nexus_CVE-2019-7238,couchdb,nexus,negative_family,0.0,0.0,0.0,0.0,0.0,0.0,0.25,0.0,0.04,0.19
nexus_CVE-2019-7238,druid,nexus,negative_family,0.0,0.0,0.0,0.0,0.0,0.0,0.25,0.0,0.04,0.19
nexus_CVE-2019-7238,drupal,nexus,negative_family,0.0,0.0,0.0,0.0,0.0,0.0,0.25,0.0,0.04,0.19
nexus_CVE-2019-7238,elasticsearch,nexus,negative_family,0.0,0.0,0.0,0.0,0.0,0.0,0.25,0.0,0.04,0.19
nexus_CVE-2019-7238,flask,nexus,negative_family,0.0,0.0,0.0,0.0,0.0,0.0,0.25,0.0,0.04,0.19
nexus_CVE-2019-7238,goahead,nexus,negative_family,0.0,0.0,0.0,0.0,0.0,0.0,0.25,0.0,0.04,0.19
nexus_CVE-2019-7238,gogs,nexus,negative_family,0.0,0.0,0.0,0.0,0.0,0.0,0.25,0.0,0.04,0.19
nexus_CVE-2019-7238,grafana,nexus,negative_family,0.0,0.0,0.0,0.0,0.0,0.0,0.25,0.0,0.04,0.19
nexus_CVE-2019-7238,jenkins,nexus,negative_family,0.0,0.0,0.0,0.0,0.0,0.0,0.25,0.0,0.04,0.19
nexus_CVE-2019-7238,jetty,nexus,negative_family,0.0,0.0,0.0,0.0,0.0,0.0,0.25,0.0,0.04,0.19
nexus_CVE-2019-7238,joomla,nexus,negative_family,0.0,0.0,0.0,0.0,0.0,0.0,0.25,0.0,0.04,0.19
nexus_CVE-2019-7238,nextjs,nexus,negative_family,0.0,0.0,0.0,0.0,0.0,0.0,0.25,0.0,0.04,0.19
nexus_CVE-2019-7238,nexus,nexus,positive_family_match,0.0,0.0,0.0,0.0,0.0,1.0,0.25,0.0,0.04,0.89
nexus_CVE-2019-7238,nginx,nexus,negative_family,0.0,0.0,0.0,0.0,0.0,0.0,0.25,0.0,0.04,0.19
nexus_CVE-2019-7238,phpmyadmin,nexus,negative_family,0.0,0.0,0.0,0.0,0.0,0.0,0.25,0.0,0.04,0.19
nexus_CVE-2019-7238,rails,nexus,negative_family,0.0,0.0,0.0,0.0,0.0,0.0,0.25,0.0,0.04,0.19
nexus_CVE-2019-7238,redis,nexus,negative_family,0.0,0.0,0.0,0.0,0.0,0.0,0.0,0.0,0.0,0.0
nexus_CVE-2019-7238,shiro,nexus,negative_family,0.0,0.0,0.0,0.0,0.0,0.0,0.25,0.0,0.04,0.19
nexus_CVE-2019-7238,solr,nexus,negative_family,0.0,0.0,0.0,0.0,0.0,0.0,0.25,0.0,0.04,0.19
nexus_CVE-2019-7238,spring,nexus,negative_family,0.0,0.0,0.0,0.0,0.0,0.0,0.25,0.0,0.04,0.19
nexus_CVE-2019-7238,struts2,nexus,negative_family,0.0,0.0,0.0,0.0,0.0,0.0,0.25,0.0,0.04,0.19
nexus_CVE-2019-7238,thinkphp,nexus,negative_family,0.0,0.0,0.0,0.0,0.0,0.0,0.25,0.0,0.04,0.19
nexus_CVE-2019-7238,tomcat,nexus,negative_family,0.0,0.0,0.0,0.0,0.0,0.0,0.25,0.0,0.04,0.19
nexus_CVE-2019-7238,webmin,nexus,negative_family,0.0,0.0,0.0,0.0,0.0,0.0,0.25,0.0,0.04,0.19
nginx_CVE-2017-7529,adminer,nginx,negative_family,0.0,0.0,0.0,0.0,0.0,1.0,0.25,0.25,0.33999999999999997,1.44
nginx_CVE-2017-7529,appweb,nginx,negative_family,0.0,0.0,0.0,0.0,0.0,1.0,0.25,0.25,0.33999999999999997,1.44
nginx_CVE-2017-7529,aria2,nginx,negative_family,0.0,0.0,0.0,0.0,0.0,0.0,0.0,0.0,0.0,0.0
nginx_CVE-2017-7529,couchdb,nginx,negative_family,0.0,0.0,0.0,0.0,0.0,0.0,0.25,0.25,0.33999999999999997,0.74
nginx_CVE-2017-7529,druid,nginx,negative_family,0.0,0.0,0.0,0.0,0.0,0.0,0.25,0.25,0.33999999999999997,0.74
nginx_CVE-2017-7529,drupal,nginx,negative_family,0.0,0.0,0.0,0.0,0.0,1.0,0.25,0.25,0.33999999999999997,1.44
nginx_CVE-2017-7529,elasticsearch,nginx,negative_family,0.0,0.0,0.0,0.0,0.0,0.0,0.25,0.25,0.33999999999999997,0.74
nginx_CVE-2017-7529,flask,nginx,negative_family,0.0,0.0,0.0,0.0,0.0,0.0,0.25,0.25,0.33999999999999997,0.74
nginx_CVE-2017-7529,goahead,nginx,negative_family,0.0,0.0,0.0,0.0,0.0,1.0,0.25,0.25,0.33999999999999997,1.44
nginx_CVE-2017-7529,gogs,nginx,negative_family,0.0,0.0,0.0,0.0,0.0,0.0,0.25,0.25,0.33999999999999997,0.74
nginx_CVE-2017-7529,grafana,nginx,negative_family,0.0,0.0,0.0,0.0,0.0,0.0,0.25,0.25,0.33999999999999997,0.74
nginx_CVE-2017-7529,jenkins,nginx,negative_family,0.0,0.0,0.0,0.0,0.0,1.0,0.25,0.25,0.33999999999999997,1.44
nginx_CVE-2017-7529,jetty,nginx,negative_family,0.0,0.0,0.0,0.0,0.0,1.0,0.25,0.25,0.33999999999999997,1.44
nginx_CVE-2017-7529,joomla,nginx,negative_family,0.0,0.0,0.0,0.0,0.0,1.0,0.25,0.25,0.33999999999999997,1.44
nginx_CVE-2017-7529,nextjs,nginx,negative_family,0.0,0.0,0.0,0.0,0.0,0.0,0.25,0.25,0.33999999999999997,0.74
nginx_CVE-2017-7529,nexus,nginx,negative_family,0.0,0.0,0.0,0.0,0.0,0.0,0.25,0.25,0.33999999999999997,0.74
nginx_CVE-2017-7529,nginx,nginx,positive_family_match,1.0,1.0,0.0,1.0,1.0,1.0,0.25,0.25,0.33999999999999997,9.34
nginx_CVE-2017-7529,phpmyadmin,nginx,negative_family,0.0,0.0,0.0,0.0,0.0,1.0,0.25,0.25,0.33999999999999997,1.44
nginx_CVE-2017-7529,rails,nginx,negative_family,0.0,0.0,0.0,0.0,0.0,0.0,0.25,0.25,0.33999999999999997,0.74
nginx_CVE-2017-7529,redis,nginx,negative_family,0.0,0.0,0.0,0.0,0.0,0.0,0.0,0.0,0.0,0.0
nginx_CVE-2017-7529,shiro,nginx,negative_family,0.0,0.0,0.0,0.0,0.0,1.0,0.25,0.25,0.33999999999999997,1.44
nginx_CVE-2017-7529,solr,nginx,negative_family,0.0,0.0,0.0,0.0,0.0,0.0,0.25,0.25,0.33999999999999997,0.74
nginx_CVE-2017-7529,spring,nginx,negative_family,0.0,0.0,0.0,0.0,0.0,1.0,0.25,0.25,0.33999999999999997,1.44
nginx_CVE-2017-7529,struts2,nginx,negative_family,0.0,0.0,0.0,0.0,0.0,1.0,0.25,0.25,0.33999999999999997,1.44
nginx_CVE-2017-7529,thinkphp,nginx,negative_family,0.0,0.0,0.0,0.0,0.0,1.0,0.25,0.25,0.33999999999999997,1.44
nginx_CVE-2017-7529,tomcat,nginx,negative_family,0.0,0.0,0.0,0.0,0.0,1.0,0.25,0.25,0.33999999999999997,1.44
nginx_CVE-2017-7529,webmin,nginx,negative_family,0.0,0.0,0.0,0.0,0.0,0.0,0.25,0.25,0.33999999999999997,0.74
phpmyadmin_CVE-2018-12613,adminer,phpmyadmin,negative_family,0.0,0.0,0.0,0.0,0.0,1.0,0.25,0.15,0.1,1.1
phpmyadmin_CVE-2018-12613,appweb,phpmyadmin,negative_family,0.0,0.0,0.0,0.0,0.0,1.0,0.25,0.15,0.1,1.1
phpmyadmin_CVE-2018-12613,aria2,phpmyadmin,negative_family,0.0,0.0,0.0,0.0,0.0,0.0,0.0,0.0,0.0,0.0
phpmyadmin_CVE-2018-12613,couchdb,phpmyadmin,negative_family,0.0,0.0,0.0,0.0,0.0,0.0,0.25,0.15,0.1,0.4
phpmyadmin_CVE-2018-12613,druid,phpmyadmin,negative_family,0.0,0.0,0.0,0.0,0.0,0.0,0.25,0.15,0.1,0.4
phpmyadmin_CVE-2018-12613,drupal,phpmyadmin,negative_family,0.0,0.0,0.0,0.0,0.0,1.0,0.25,0.15,0.1,1.1
phpmyadmin_CVE-2018-12613,elasticsearch,phpmyadmin,negative_family,0.0,0.0,0.0,0.0,0.0,0.0,0.25,0.15,0.1,0.4
phpmyadmin_CVE-2018-12613,flask,phpmyadmin,negative_family,0.0,0.0,0.0,0.0,0.0,0.0,0.25,0.15,0.1,0.4
phpmyadmin_CVE-2018-12613,goahead,phpmyadmin,negative_family,0.0,0.0,0.0,0.0,0.0,1.0,0.25,0.15,0.1,1.1
phpmyadmin_CVE-2018-12613,gogs,phpmyadmin,negative_family,0.0,0.0,0.0,0.0,0.0,0.0,0.25,0.15,0.1,0.4
phpmyadmin_CVE-2018-12613,grafana,phpmyadmin,negative_family,0.0,0.0,0.0,0.0,0.0,0.0,0.25,0.15,0.1,0.4
phpmyadmin_CVE-2018-12613,jenkins,phpmyadmin,negative_family,0.0,0.0,0.0,0.0,0.0,1.0,0.25,0.15,0.1,1.1
phpmyadmin_CVE-2018-12613,jetty,phpmyadmin,negative_family,0.0,0.0,0.0,0.0,0.0,1.0,0.25,0.15,0.1,1.1
phpmyadmin_CVE-2018-12613,joomla,phpmyadmin,negative_family,0.0,0.0,0.0,0.0,0.0,1.0,0.25,0.15,0.1,1.1
phpmyadmin_CVE-2018-12613,nextjs,phpmyadmin,negative_family,0.0,0.0,0.0,0.0,0.0,0.0,0.25,0.15,0.1,0.4
phpmyadmin_CVE-2018-12613,nexus,phpmyadmin,negative_family,0.0,0.0,0.0,0.0,0.0,0.0,0.25,0.15,0.1,0.4
phpmyadmin_CVE-2018-12613,nginx,phpmyadmin,negative_family,0.0,0.0,0.0,0.0,0.0,1.0,0.25,0.15,0.1,1.1
phpmyadmin_CVE-2018-12613,phpmyadmin,phpmyadmin,positive_family_match,0.3333333333333333,0.0,0.0,1.0,1.0,1.0,0.25,0.15,0.1,5.333333333333334
phpmyadmin_CVE-2018-12613,rails,phpmyadmin,negative_family,0.0,0.0,0.0,0.0,0.0,0.0,0.25,0.15,0.1,0.4
phpmyadmin_CVE-2018-12613,redis,phpmyadmin,negative_family,0.0,0.0,0.0,0.0,0.0,0.0,0.0,0.0,0.0,0.0
phpmyadmin_CVE-2018-12613,shiro,phpmyadmin,negative_family,0.0,0.0,0.0,0.0,0.0,1.0,0.25,0.15,0.1,1.1
phpmyadmin_CVE-2018-12613,solr,phpmyadmin,negative_family,0.0,0.0,0.0,0.0,0.0,0.0,0.25,0.15,0.1,0.4
phpmyadmin_CVE-2018-12613,spring,phpmyadmin,negative_family,0.0,0.0,0.0,0.0,0.0,1.0,0.25,0.15,0.1,1.1
phpmyadmin_CVE-2018-12613,struts2,phpmyadmin,negative_family,0.0,0.0,0.0,0.0,0.0,1.0,0.25,0.15,0.1,1.1
phpmyadmin_CVE-2018-12613,thinkphp,phpmyadmin,negative_family,0.0,0.0,0.0,0.0,0.0,1.0,0.25,0.15,0.1,1.1
phpmyadmin_CVE-2018-12613,tomcat,phpmyadmin,negative_family,0.0,0.0,0.0,0.0,0.0,1.0,0.25,0.15,0.1,1.1
phpmyadmin_CVE-2018-12613,webmin,phpmyadmin,negative_family,0.0,0.0,0.0,0.0,0.0,0.0,0.25,0.15,0.1,0.4
rails_CVE-2018-3760,adminer,rails,negative_family,0.0,0.0,0.0,0.0,0.0,0.0,0.25,0.15,0.1,0.4
rails_CVE-2018-3760,appweb,rails,negative_family,0.0,0.0,0.0,0.0,0.0,0.0,0.25,0.15,0.1,0.4
rails_CVE-2018-3760,aria2,rails,negative_family,0.0,0.0,0.0,0.0,0.0,0.0,0.0,0.0,0.0,0.0
rails_CVE-2018-3760,couchdb,rails,negative_family,0.0,0.0,0.0,0.0,0.0,0.0,0.25,0.15,0.1,0.4
rails_CVE-2018-3760,druid,rails,negative_family,0.0,0.0,0.0,0.0,0.0,0.0,0.25,0.15,0.1,0.4
rails_CVE-2018-3760,drupal,rails,negative_family,0.0,0.0,0.0,0.0,0.0,0.0,0.25,0.15,0.1,0.4
rails_CVE-2018-3760,elasticsearch,rails,negative_family,0.0,0.0,0.0,0.0,0.0,0.0,0.25,0.15,0.1,0.4
rails_CVE-2018-3760,flask,rails,negative_family,0.0,0.0,0.0,0.0,0.0,0.0,0.25,0.15,0.1,0.4
rails_CVE-2018-3760,goahead,rails,negative_family,0.0,0.0,0.0,0.0,0.0,0.0,0.25,0.15,0.1,0.4
rails_CVE-2018-3760,gogs,rails,negative_family,0.0,0.0,0.0,0.0,0.0,1.0,0.25,0.15,0.1,1.1
rails_CVE-2018-3760,grafana,rails,negative_family,0.0,0.0,0.0,0.0,0.0,1.0,0.25,0.15,0.1,1.1
rails_CVE-2018-3760,jenkins,rails,negative_family,0.0,0.0,0.0,0.0,0.0,0.0,0.25,0.15,0.1,0.4
rails_CVE-2018-3760,jetty,rails,negative_family,0.0,0.0,0.0,0.0,0.0,0.0,0.25,0.15,0.1,0.4
rails_CVE-2018-3760,joomla,rails,negative_family,0.0,0.0,0.0,0.0,0.0,0.0,0.25,0.15,0.1,0.4
rails_CVE-2018-3760,nextjs,rails,negative_family,0.0,0.0,0.0,0.0,0.0,1.0,0.25,0.15,0.1,1.1
rails_CVE-2018-3760,nexus,rails,negative_family,0.0,0.0,0.0,0.0,0.0,0.0,0.25,0.15,0.1,0.4
rails_CVE-2018-3760,nginx,rails,negative_family,0.0,0.0,0.0,0.0,0.0,0.0,0.25,0.15,0.1,0.4
rails_CVE-2018-3760,phpmyadmin,rails,negative_family,0.0,0.0,0.0,0.0,0.0,0.0,0.25,0.15,0.1,0.4
rails_CVE-2018-3760,rails,rails,positive_family_match,1.0,0.0,0.0,1.0,1.0,1.0,0.25,0.15,0.1,7.000000000000001
rails_CVE-2018-3760,redis,rails,negative_family,0.0,0.0,0.0,0.0,0.0,0.0,0.0,0.0,0.0,0.0
rails_CVE-2018-3760,shiro,rails,negative_family,0.0,0.0,0.0,0.0,0.0,0.0,0.25,0.15,0.1,0.4
rails_CVE-2018-3760,solr,rails,negative_family,0.0,0.0,0.0,0.0,0.0,0.0,0.25,0.15,0.1,0.4
rails_CVE-2018-3760,spring,rails,negative_family,0.0,0.0,0.0,0.0,0.0,0.0,0.25,0.15,0.1,0.4
rails_CVE-2018-3760,struts2,rails,negative_family,0.0,0.0,0.0,0.0,0.0,0.0,0.25,0.15,0.1,0.4
rails_CVE-2018-3760,thinkphp,rails,negative_family,0.0,0.0,0.0,0.0,0.0,0.0,0.25,0.15,0.1,0.4
rails_CVE-2018-3760,tomcat,rails,negative_family,0.0,0.0,0.0,0.0,0.0,0.0,0.25,0.15,0.1,0.4
rails_CVE-2018-3760,webmin,rails,negative_family,0.0,0.0,0.0,0.0,0.0,0.0,0.25,0.15,0.1,0.4
rails_CVE-2019-5418,adminer,rails,negative_family,0.0,0.0,0.0,0.0,0.0,0.0,0.25,0.15,0.1,0.4
rails_CVE-2019-5418,appweb,rails,negative_family,0.0,0.0,0.0,0.0,0.0,0.0,0.25,0.15,0.1,0.4
rails_CVE-2019-5418,aria2,rails,negative_family,0.0,0.0,0.0,0.0,0.0,0.0,0.0,0.0,0.0,0.0
rails_CVE-2019-5418,couchdb,rails,negative_family,0.0,0.0,0.0,0.0,0.0,0.0,0.25,0.15,0.1,0.4
rails_CVE-2019-5418,druid,rails,negative_family,0.0,0.0,0.0,0.0,0.0,0.0,0.25,0.15,0.1,0.4
rails_CVE-2019-5418,drupal,rails,negative_family,0.0,0.0,0.0,0.0,0.0,0.0,0.25,0.15,0.1,0.4
rails_CVE-2019-5418,elasticsearch,rails,negative_family,0.0,0.0,0.0,0.0,0.0,0.0,0.25,0.15,0.1,0.4
rails_CVE-2019-5418,flask,rails,negative_family,0.0,0.0,0.0,0.0,0.0,0.0,0.25,0.15,0.1,0.4
rails_CVE-2019-5418,goahead,rails,negative_family,0.0,0.0,0.0,0.0,0.0,0.0,0.25,0.15,0.1,0.4
rails_CVE-2019-5418,gogs,rails,negative_family,0.0,0.0,0.0,0.0,0.0,1.0,0.25,0.15,0.1,1.1
rails_CVE-2019-5418,grafana,rails,negative_family,0.0,0.0,0.0,0.0,0.0,1.0,0.25,0.15,0.1,1.1
rails_CVE-2019-5418,jenkins,rails,negative_family,0.0,0.0,0.0,0.0,0.0,0.0,0.25,0.15,0.1,0.4
rails_CVE-2019-5418,jetty,rails,negative_family,0.0,0.0,0.0,0.0,0.0,0.0,0.25,0.15,0.1,0.4
rails_CVE-2019-5418,joomla,rails,negative_family,0.0,0.0,0.0,0.0,0.0,0.0,0.25,0.15,0.1,0.4
rails_CVE-2019-5418,nextjs,rails,negative_family,0.0,0.0,0.0,0.0,0.0,1.0,0.25,0.15,0.1,1.1
rails_CVE-2019-5418,nexus,rails,negative_family,0.0,0.0,0.0,0.0,0.0,0.0,0.25,0.15,0.1,0.4
rails_CVE-2019-5418,nginx,rails,negative_family,0.0,0.0,0.0,0.0,0.0,0.0,0.25,0.15,0.1,0.4
rails_CVE-2019-5418,phpmyadmin,rails,negative_family,0.0,0.0,0.0,0.0,0.0,0.0,0.25,0.15,0.1,0.4
rails_CVE-2019-5418,rails,rails,positive_family_match,1.0,0.0,0.0,1.0,1.0,1.0,0.25,0.15,0.1,7.000000000000001
rails_CVE-2019-5418,redis,rails,negative_family,0.0,0.0,0.0,0.0,0.0,0.0,0.0,0.0,0.0,0.0
rails_CVE-2019-5418,shiro,rails,negative_family,0.0,0.0,0.0,0.0,0.0,0.0,0.25,0.15,0.1,0.4
rails_CVE-2019-5418,solr,rails,negative_family,0.0,0.0,0.0,0.0,0.0,0.0,0.25,0.15,0.1,0.4
rails_CVE-2019-5418,spring,rails,negative_family,0.0,0.0,0.0,0.0,0.0,0.0,0.25,0.15,0.1,0.4
rails_CVE-2019-5418,struts2,rails,negative_family,0.0,0.0,0.0,0.0,0.0,0.0,0.25,0.15,0.1,0.4
rails_CVE-2019-5418,thinkphp,rails,negative_family,0.0,0.0,0.0,0.0,0.0,0.0,0.25,0.15,0.1,0.4
rails_CVE-2019-5418,tomcat,rails,negative_family,0.0,0.0,0.0,0.0,0.0,0.0,0.25,0.15,0.1,0.4
rails_CVE-2019-5418,webmin,rails,negative_family,0.0,0.0,0.0,0.0,0.0,0.0,0.25,0.15,0.1,0.4
redis_CVE-2022-0543,adminer,redis,negative_family,0.0,0.0,0.0,0.0,0.0,0.0,0.0,0.15,0.16,0.31
redis_CVE-2022-0543,appweb,redis,negative_family,0.0,0.0,0.0,0.0,0.0,0.0,0.0,0.15,0.16,0.31
redis_CVE-2022-0543,aria2,redis,negative_family,0.0,0.0,0.0,0.0,0.0,0.0,1.0,0.0,0.0,0.6
redis_CVE-2022-0543,couchdb,redis,negative_family,0.0,0.0,0.0,0.0,0.0,0.0,0.0,0.15,0.16,0.31
redis_CVE-2022-0543,druid,redis,negative_family,0.0,0.0,0.0,0.0,0.0,0.0,0.0,0.15,0.16,0.31
redis_CVE-2022-0543,drupal,redis,negative_family,0.0,0.0,0.0,0.0,0.0,0.0,0.0,0.15,0.16,0.31
redis_CVE-2022-0543,elasticsearch,redis,negative_family,0.0,0.0,0.0,0.0,0.0,0.0,0.0,0.15,0.16,0.31
redis_CVE-2022-0543,flask,redis,negative_family,0.0,0.0,0.0,0.0,0.0,0.0,0.0,0.15,0.16,0.31
redis_CVE-2022-0543,goahead,redis,negative_family,0.0,0.0,0.0,0.0,0.0,0.0,0.0,0.15,0.16,0.31
redis_CVE-2022-0543,gogs,redis,negative_family,0.0,0.0,0.0,0.0,0.0,0.0,0.0,0.15,0.16,0.31
redis_CVE-2022-0543,grafana,redis,negative_family,0.0,0.0,0.0,0.0,0.0,0.0,0.0,0.15,0.16,0.31
redis_CVE-2022-0543,jenkins,redis,negative_family,0.0,0.0,0.0,0.0,0.0,0.0,0.0,0.15,0.16,0.31
redis_CVE-2022-0543,jetty,redis,negative_family,0.0,0.0,0.0,0.0,0.0,0.0,0.0,0.15,0.16,0.31
redis_CVE-2022-0543,joomla,redis,negative_family,0.0,0.0,0.0,0.0,0.0,0.0,0.0,0.15,0.16,0.31
redis_CVE-2022-0543,nextjs,redis,negative_family,0.0,0.0,0.0,0.0,0.0,0.0,0.0,0.15,0.16,0.31
redis_CVE-2022-0543,nexus,redis,negative_family,0.0,0.0,0.0,0.0,0.0,0.0,0.0,0.15,0.16,0.31
redis_CVE-2022-0543,nginx,redis,negative_family,0.0,0.0,0.0,0.0,0.0,0.0,0.0,0.15,0.16,0.31
redis_CVE-2022-0543,phpmyadmin,redis,negative_family,0.0,0.0,0.0,0.0,0.0,0.0,0.0,0.15,0.16,0.31
redis_CVE-2022-0543,rails,redis,negative_family,0.0,0.0,0.0,0.0,0.0,0.0,0.0,0.15,0.16,0.31
redis_CVE-2022-0543,redis,redis,positive_family_match,0.0,0.0,1.0,1.0,1.0,1.0,1.0,0.0,0.0,6.7
redis_CVE-2022-0543,shiro,redis,negative_family,0.0,0.0,0.0,0.0,0.0,0.0,0.0,0.15,0.16,0.31
redis_CVE-2022-0543,solr,redis,negative_family,0.0,0.0,0.0,0.0,0.0,0.0,0.0,0.15,0.16,0.31
redis_CVE-2022-0543,spring,redis,negative_family,0.0,0.0,0.0,0.0,0.0,0.0,0.0,0.15,0.16,0.31
redis_CVE-2022-0543,struts2,redis,negative_family,0.0,0.0,0.0,0.0,0.0,0.0,0.0,0.15,0.16,0.31
redis_CVE-2022-0543,thinkphp,redis,negative_family,0.0,0.0,0.0,0.0,0.0,0.0,0.0,0.15,0.16,0.31
redis_CVE-2022-0543,tomcat,redis,negative_family,0.0,0.0,0.0,0.0,0.0,0.0,0.0,0.15,0.16,0.31
redis_CVE-2022-0543,webmin,redis,negative_family,0.0,0.0,0.0,0.0,0.0,0.0,0.0,0.15,0.16,0.31
shiro_CVE-2016-4437,adminer,shiro,negative_family,0.0,0.0,0.0,0.0,0.0,1.0,0.25,0.15,0.2,1.2
shiro_CVE-2016-4437,appweb,shiro,negative_family,0.0,0.0,0.0,0.0,0.0,1.0,0.25,0.15,0.2,1.2
shiro_CVE-2016-4437,aria2,shiro,negative_family,0.0,0.0,0.0,0.0,0.0,0.0,0.0,0.0,0.0,0.0
shiro_CVE-2016-4437,couchdb,shiro,negative_family,0.0,0.0,0.0,0.0,0.0,0.0,0.25,0.15,0.2,0.5
shiro_CVE-2016-4437,druid,shiro,negative_family,0.0,0.0,0.0,0.0,0.0,0.0,0.25,0.15,0.2,0.5
shiro_CVE-2016-4437,drupal,shiro,negative_family,0.0,0.0,0.0,0.0,0.0,1.0,0.25,0.15,0.2,1.2
shiro_CVE-2016-4437,elasticsearch,shiro,negative_family,0.0,0.0,0.0,0.0,0.0,0.0,0.25,0.15,0.2,0.5
shiro_CVE-2016-4437,flask,shiro,negative_family,0.0,0.0,0.0,0.0,0.0,0.0,0.25,0.15,0.2,0.5
shiro_CVE-2016-4437,goahead,shiro,negative_family,0.0,0.0,0.0,0.0,0.0,1.0,0.25,0.15,0.2,1.2
shiro_CVE-2016-4437,gogs,shiro,negative_family,0.0,0.0,0.0,0.0,0.0,0.0,0.25,0.15,0.2,0.5
shiro_CVE-2016-4437,grafana,shiro,negative_family,0.0,0.0,0.0,0.0,0.0,0.0,0.25,0.15,0.2,0.5
shiro_CVE-2016-4437,jenkins,shiro,negative_family,0.0,0.0,0.0,0.0,0.0,1.0,0.25,0.15,0.2,1.2
shiro_CVE-2016-4437,jetty,shiro,negative_family,0.0,0.0,0.0,0.0,0.0,1.0,0.25,0.15,0.2,1.2
shiro_CVE-2016-4437,joomla,shiro,negative_family,0.0,0.0,0.0,0.0,0.0,1.0,0.25,0.15,0.2,1.2
shiro_CVE-2016-4437,nextjs,shiro,negative_family,0.0,0.0,0.0,0.0,0.0,0.0,0.25,0.15,0.2,0.5
shiro_CVE-2016-4437,nexus,shiro,negative_family,0.0,0.0,0.0,0.0,0.0,0.0,0.25,0.15,0.2,0.5
shiro_CVE-2016-4437,nginx,shiro,negative_family,0.0,0.0,0.0,0.0,0.0,1.0,0.25,0.15,0.2,1.2
shiro_CVE-2016-4437,phpmyadmin,shiro,negative_family,0.0,0.0,0.0,0.0,0.0,1.0,0.25,0.15,0.2,1.2
shiro_CVE-2016-4437,rails,shiro,negative_family,0.0,0.0,0.0,0.0,0.0,0.0,0.25,0.15,0.2,0.5
shiro_CVE-2016-4437,redis,shiro,negative_family,0.0,0.0,0.0,0.0,0.0,0.0,0.0,0.0,0.0,0.0
shiro_CVE-2016-4437,shiro,shiro,positive_family_match,0.0,0.0,0.0,1.0,1.0,1.0,0.25,0.15,0.2,4.600000000000001
shiro_CVE-2016-4437,solr,shiro,negative_family,0.0,0.0,0.0,0.0,0.0,0.0,0.25,0.15,0.2,0.5
shiro_CVE-2016-4437,spring,shiro,negative_family,0.0,0.0,0.0,0.0,0.0,1.0,0.25,0.15,0.2,1.2
shiro_CVE-2016-4437,struts2,shiro,negative_family,0.0,0.0,0.0,0.0,0.0,1.0,0.25,0.15,0.2,1.2
shiro_CVE-2016-4437,thinkphp,shiro,negative_family,0.0,0.0,0.0,0.0,0.0,1.0,0.25,0.15,0.2,1.2
shiro_CVE-2016-4437,tomcat,shiro,negative_family,0.0,0.0,0.0,0.0,0.0,1.0,0.25,0.15,0.2,1.2
shiro_CVE-2016-4437,webmin,shiro,negative_family,0.0,0.0,0.0,0.0,0.0,0.0,0.25,0.15,0.2,0.5
solr_CVE-2017-12629-RCE,adminer,solr,negative_family,0.0,0.0,0.0,0.0,0.0,0.0,0.25,0.15,0.1,0.4
solr_CVE-2017-12629-RCE,appweb,solr,negative_family,0.0,0.0,0.0,0.0,0.0,0.0,0.25,0.15,0.1,0.4
solr_CVE-2017-12629-RCE,aria2,solr,negative_family,0.0,0.0,0.0,0.0,0.0,0.0,0.0,0.0,0.0,0.0
solr_CVE-2017-12629-RCE,couchdb,solr,negative_family,0.0,0.0,0.0,0.0,0.0,0.0,0.25,0.15,0.1,0.4
solr_CVE-2017-12629-RCE,druid,solr,negative_family,0.0,0.0,0.0,0.0,0.0,0.0,0.25,0.15,0.1,0.4
solr_CVE-2017-12629-RCE,drupal,solr,negative_family,0.0,0.0,0.0,0.0,0.0,0.0,0.25,0.15,0.1,0.4
solr_CVE-2017-12629-RCE,elasticsearch,solr,negative_family,0.0,0.0,0.0,0.0,0.0,0.0,0.25,0.15,0.1,0.4
solr_CVE-2017-12629-RCE,flask,solr,negative_family,0.0,0.0,0.0,0.0,0.0,0.0,0.25,0.15,0.1,0.4
solr_CVE-2017-12629-RCE,goahead,solr,negative_family,0.0,0.0,0.0,0.0,0.0,0.0,0.25,0.15,0.1,0.4
solr_CVE-2017-12629-RCE,gogs,solr,negative_family,0.0,0.0,0.0,0.0,0.0,0.0,0.25,0.15,0.1,0.4
solr_CVE-2017-12629-RCE,grafana,solr,negative_family,0.0,0.0,0.0,0.0,0.0,0.0,0.25,0.15,0.1,0.4
solr_CVE-2017-12629-RCE,jenkins,solr,negative_family,0.0,0.0,0.0,0.0,0.0,0.0,0.25,0.15,0.1,0.4
solr_CVE-2017-12629-RCE,jetty,solr,negative_family,0.0,0.0,0.0,0.0,0.0,0.0,0.25,0.15,0.1,0.4
solr_CVE-2017-12629-RCE,joomla,solr,negative_family,0.0,0.0,0.0,0.0,0.0,0.0,0.25,0.15,0.1,0.4
solr_CVE-2017-12629-RCE,nextjs,solr,negative_family,0.0,0.0,0.0,0.0,0.0,0.0,0.25,0.15,0.1,0.4
solr_CVE-2017-12629-RCE,nexus,solr,negative_family,0.0,0.0,0.0,0.0,0.0,0.0,0.25,0.15,0.1,0.4
solr_CVE-2017-12629-RCE,nginx,solr,negative_family,0.0,0.0,0.0,0.0,0.0,0.0,0.25,0.15,0.1,0.4
solr_CVE-2017-12629-RCE,phpmyadmin,solr,negative_family,0.0,0.0,0.0,0.0,0.0,0.0,0.25,0.15,0.1,0.4
solr_CVE-2017-12629-RCE,rails,solr,negative_family,0.0,0.0,0.0,0.0,0.0,0.0,0.25,0.15,0.1,0.4
solr_CVE-2017-12629-RCE,redis,solr,negative_family,0.0,0.0,0.0,0.0,0.0,0.0,0.0,0.0,0.0,0.0
solr_CVE-2017-12629-RCE,shiro,solr,negative_family,0.0,0.0,0.0,0.0,0.0,0.0,0.25,0.15,0.1,0.4
solr_CVE-2017-12629-RCE,solr,solr,positive_family_match,1.0,0.0,0.0,1.0,1.0,1.0,0.25,0.15,0.1,7.000000000000001
solr_CVE-2017-12629-RCE,spring,solr,negative_family,0.0,0.0,0.0,0.0,0.0,0.0,0.25,0.15,0.1,0.4
solr_CVE-2017-12629-RCE,struts2,solr,negative_family,0.0,0.0,0.0,0.0,0.0,0.0,0.25,0.15,0.1,0.4
solr_CVE-2017-12629-RCE,thinkphp,solr,negative_family,0.0,0.0,0.0,0.0,0.0,0.0,0.25,0.15,0.1,0.4
solr_CVE-2017-12629-RCE,tomcat,solr,negative_family,0.0,0.0,0.0,0.0,0.0,0.0,0.25,0.15,0.1,0.4
solr_CVE-2017-12629-RCE,webmin,solr,negative_family,0.0,0.0,0.0,0.0,0.0,0.0,0.25,0.15,0.1,0.4
spring_CVE-2022-22965,adminer,spring,negative_family,0.0,0.0,0.0,0.0,0.0,1.0,0.25,0.15,0.2,1.2
spring_CVE-2022-22965,appweb,spring,negative_family,0.0,0.0,0.0,0.0,0.0,1.0,0.25,0.15,0.2,1.2
spring_CVE-2022-22965,aria2,spring,negative_family,0.0,0.0,0.0,0.0,0.0,0.0,0.0,0.0,0.0,0.0
spring_CVE-2022-22965,couchdb,spring,negative_family,0.0,0.0,0.0,0.0,0.0,0.0,0.25,0.15,0.2,0.5
spring_CVE-2022-22965,druid,spring,negative_family,0.0,0.0,0.0,0.0,0.0,0.0,0.25,0.15,0.2,0.5
spring_CVE-2022-22965,drupal,spring,negative_family,0.0,0.0,0.0,0.0,0.0,1.0,0.25,0.15,0.2,1.2
spring_CVE-2022-22965,elasticsearch,spring,negative_family,0.0,0.0,0.0,0.0,0.0,0.0,0.25,0.15,0.2,0.5
spring_CVE-2022-22965,flask,spring,negative_family,0.0,0.0,0.0,0.0,0.0,0.0,0.25,0.15,0.2,0.5
spring_CVE-2022-22965,goahead,spring,negative_family,0.0,0.0,0.0,0.0,0.0,1.0,0.25,0.15,0.2,1.2
spring_CVE-2022-22965,gogs,spring,negative_family,0.0,0.0,0.0,0.0,0.0,0.0,0.25,0.15,0.2,0.5
spring_CVE-2022-22965,grafana,spring,negative_family,0.0,0.0,0.0,0.0,0.0,0.0,0.25,0.15,0.2,0.5
spring_CVE-2022-22965,jenkins,spring,negative_family,0.0,0.0,0.0,0.0,0.0,1.0,0.25,0.15,0.2,1.2
spring_CVE-2022-22965,jetty,spring,negative_family,0.0,0.0,0.0,0.0,0.0,1.0,0.25,0.15,0.2,1.2
spring_CVE-2022-22965,joomla,spring,negative_family,0.0,0.0,0.0,0.0,0.0,1.0,0.25,0.15,0.2,1.2
spring_CVE-2022-22965,nextjs,spring,negative_family,0.0,0.0,0.0,0.0,0.0,0.0,0.25,0.15,0.2,0.5
spring_CVE-2022-22965,nexus,spring,negative_family,0.0,0.0,0.0,0.0,0.0,0.0,0.25,0.15,0.2,0.5
spring_CVE-2022-22965,nginx,spring,negative_family,0.0,0.0,0.0,0.0,0.0,1.0,0.25,0.15,0.2,1.2
spring_CVE-2022-22965,phpmyadmin,spring,negative_family,0.0,0.0,0.0,0.0,0.0,1.0,0.25,0.15,0.2,1.2
spring_CVE-2022-22965,rails,spring,negative_family,0.0,0.0,0.0,0.0,0.0,0.0,0.25,0.15,0.2,0.5
spring_CVE-2022-22965,redis,spring,negative_family,0.0,0.0,0.0,0.0,0.0,0.0,0.0,0.0,0.0,0.0
spring_CVE-2022-22965,shiro,spring,negative_family,0.0,0.0,0.0,0.0,0.0,1.0,0.25,0.15,0.2,1.2
spring_CVE-2022-22965,solr,spring,negative_family,0.0,0.0,0.0,0.0,0.0,0.0,0.25,0.15,0.2,0.5
spring_CVE-2022-22965,spring,spring,positive_family_match,0.0,0.0,0.0,1.0,1.0,1.0,0.25,0.15,0.2,4.600000000000001
spring_CVE-2022-22965,struts2,spring,negative_family,0.0,0.0,0.0,0.0,0.0,1.0,0.25,0.15,0.2,1.2
spring_CVE-2022-22965,thinkphp,spring,negative_family,0.0,0.0,0.0,0.0,0.0,1.0,0.25,0.15,0.2,1.2
spring_CVE-2022-22965,tomcat,spring,negative_family,0.0,0.0,0.0,0.5,0.5,1.0,0.25,0.15,0.2,2.9000000000000004
spring_CVE-2022-22965,webmin,spring,negative_family,0.0,0.0,0.0,0.0,0.0,0.0,0.25,0.15,0.2,0.5
struts2_s2-045,adminer,struts2,negative_family,0.0,0.0,0.0,0.0,0.0,1.0,0.25,0.15,0.1,1.1
struts2_s2-045,appweb,struts2,negative_family,0.0,0.0,0.0,0.0,0.0,1.0,0.25,0.15,0.1,1.1
struts2_s2-045,aria2,struts2,negative_family,0.0,0.0,0.0,0.0,0.0,0.0,0.0,0.0,0.0,0.0
struts2_s2-045,couchdb,struts2,negative_family,0.0,0.0,0.0,0.0,0.0,0.0,0.25,0.15,0.1,0.4
struts2_s2-045,druid,struts2,negative_family,0.0,0.0,0.0,0.0,0.0,0.0,0.25,0.15,0.1,0.4
struts2_s2-045,drupal,struts2,negative_family,0.0,0.0,0.0,0.0,0.0,1.0,0.25,0.15,0.1,1.1
struts2_s2-045,elasticsearch,struts2,negative_family,0.0,0.0,0.0,0.0,0.0,0.0,0.25,0.15,0.1,0.4
struts2_s2-045,flask,struts2,negative_family,0.0,0.0,0.0,0.0,0.0,0.0,0.25,0.15,0.1,0.4
struts2_s2-045,goahead,struts2,negative_family,0.0,0.0,0.0,0.0,0.0,1.0,0.25,0.15,0.1,1.1
struts2_s2-045,gogs,struts2,negative_family,0.0,0.0,0.0,0.0,0.0,0.0,0.25,0.15,0.1,0.4
struts2_s2-045,grafana,struts2,negative_family,0.0,0.0,0.0,0.0,0.0,0.0,0.25,0.15,0.1,0.4
struts2_s2-045,jenkins,struts2,negative_family,0.0,0.0,0.0,0.0,0.0,1.0,0.25,0.15,0.1,1.1
struts2_s2-045,jetty,struts2,negative_family,0.0,1.0,0.0,1.0,1.0,1.0,0.25,0.15,0.1,6.500000000000001
struts2_s2-045,joomla,struts2,negative_family,0.0,0.0,0.0,0.0,0.0,1.0,0.25,0.15,0.1,1.1
struts2_s2-045,nextjs,struts2,negative_family,0.0,0.0,0.0,0.0,0.0,0.0,0.25,0.15,0.1,0.4
struts2_s2-045,nexus,struts2,negative_family,0.0,0.0,0.0,0.0,0.0,0.0,0.25,0.15,0.1,0.4
struts2_s2-045,nginx,struts2,negative_family,0.0,0.0,0.0,0.0,0.0,1.0,0.25,0.15,0.1,1.1
struts2_s2-045,phpmyadmin,struts2,negative_family,0.0,0.0,0.0,0.0,0.0,1.0,0.25,0.15,0.1,1.1
struts2_s2-045,rails,struts2,negative_family,0.0,0.0,0.0,0.0,0.0,0.0,0.25,0.15,0.1,0.4
struts2_s2-045,redis,struts2,negative_family,0.0,0.0,0.0,0.0,0.0,0.0,0.0,0.0,0.0,0.0
struts2_s2-045,shiro,struts2,negative_family,0.0,0.0,0.0,0.0,0.0,1.0,0.25,0.15,0.1,1.1
struts2_s2-045,solr,struts2,negative_family,0.0,0.0,0.0,0.0,0.0,0.0,0.25,0.15,0.1,0.4
struts2_s2-045,spring,struts2,negative_family,0.0,0.0,0.0,0.0,0.0,1.0,0.25,0.15,0.1,1.1
struts2_s2-045,struts2,struts2,positive_family_match,1.0,0.0,0.0,1.0,1.0,1.0,0.25,0.15,0.1,7.000000000000001
struts2_s2-045,thinkphp,struts2,negative_family,0.0,0.0,0.0,0.0,0.0,1.0,0.25,0.15,0.1,1.1
struts2_s2-045,tomcat,struts2,negative_family,0.0,0.0,0.0,0.0,0.0,1.0,0.25,0.15,0.1,1.1
struts2_s2-045,webmin,struts2,negative_family,0.0,0.0,0.0,0.0,0.0,0.0,0.25,0.15,0.1,0.4
thinkphp_5-rce,adminer,thinkphp,negative_family,0.0,0.0,0.0,0.0,0.0,1.0,0.25,0.0,0.08,0.9299999999999999
thinkphp_5-rce,appweb,thinkphp,negative_family,0.0,0.0,0.0,0.0,0.0,1.0,0.25,0.0,0.08,0.9299999999999999
thinkphp_5-rce,aria2,thinkphp,negative_family,0.0,0.0,0.0,0.0,0.0,0.0,0.0,0.0,0.0,0.0
thinkphp_5-rce,couchdb,thinkphp,negative_family,0.0,0.0,0.0,0.0,0.0,0.0,0.25,0.0,0.08,0.22999999999999998
thinkphp_5-rce,druid,thinkphp,negative_family,0.0,0.0,0.0,0.0,0.0,0.0,0.25,0.0,0.08,0.22999999999999998
thinkphp_5-rce,drupal,thinkphp,negative_family,0.0,0.0,0.0,0.0,0.0,1.0,0.25,0.0,0.08,0.9299999999999999
thinkphp_5-rce,elasticsearch,thinkphp,negative_family,0.0,0.0,0.0,0.0,0.0,0.0,0.25,0.0,0.08,0.22999999999999998
thinkphp_5-rce,flask,thinkphp,negative_family,0.0,0.0,0.0,0.0,0.0,0.0,0.25,0.0,0.08,0.22999999999999998
thinkphp_5-rce,goahead,thinkphp,negative_family,0.0,0.0,0.0,0.0,0.0,1.0,0.25,0.0,0.08,0.9299999999999999
thinkphp_5-rce,gogs,thinkphp,negative_family,0.0,0.0,0.0,0.0,0.0,0.0,0.25,0.0,0.08,0.22999999999999998
thinkphp_5-rce,grafana,thinkphp,negative_family,0.0,0.0,0.0,0.0,0.0,0.0,0.25,0.0,0.08,0.22999999999999998
thinkphp_5-rce,jenkins,thinkphp,negative_family,0.0,0.0,0.0,0.0,0.0,1.0,0.25,0.0,0.08,0.9299999999999999
thinkphp_5-rce,jetty,thinkphp,negative_family,0.0,0.0,0.0,0.0,0.0,1.0,0.25,0.0,0.08,0.9299999999999999
thinkphp_5-rce,joomla,thinkphp,negative_family,0.0,0.0,0.0,0.0,0.0,1.0,0.25,0.0,0.08,0.9299999999999999
thinkphp_5-rce,nextjs,thinkphp,negative_family,0.0,0.0,0.0,0.0,0.0,0.0,0.25,0.0,0.08,0.22999999999999998
thinkphp_5-rce,nexus,thinkphp,negative_family,0.0,0.0,0.0,0.0,0.0,0.0,0.25,0.0,0.08,0.22999999999999998
thinkphp_5-rce,nginx,thinkphp,negative_family,0.0,0.0,0.0,0.0,0.0,1.0,0.25,0.0,0.08,0.9299999999999999
thinkphp_5-rce,phpmyadmin,thinkphp,negative_family,0.0,0.0,0.0,0.0,0.0,1.0,0.25,0.0,0.08,0.9299999999999999
thinkphp_5-rce,rails,thinkphp,negative_family,0.0,0.0,0.0,0.0,0.0,0.0,0.25,0.0,0.08,0.22999999999999998
thinkphp_5-rce,redis,thinkphp,negative_family,0.0,0.0,0.0,0.0,0.0,0.0,0.0,0.0,0.0,0.0
thinkphp_5-rce,shiro,thinkphp,negative_family,0.0,0.0,0.0,0.0,0.0,1.0,0.25,0.0,0.08,0.9299999999999999
thinkphp_5-rce,solr,thinkphp,negative_family,0.0,0.0,0.0,0.0,0.0,0.0,0.25,0.0,0.08,0.22999999999999998
thinkphp_5-rce,spring,thinkphp,negative_family,0.0,0.0,0.0,0.0,0.0,1.0,0.25,0.0,0.08,0.9299999999999999
thinkphp_5-rce,struts2,thinkphp,negative_family,0.0,0.0,0.0,0.0,0.0,1.0,0.25,0.0,0.08,0.9299999999999999
thinkphp_5-rce,thinkphp,thinkphp,positive_family_match,0.0,0.0,0.0,1.0,1.0,1.0,0.25,0.0,0.08,4.330000000000001
thinkphp_5-rce,tomcat,thinkphp,negative_family,0.0,0.0,0.0,0.0,0.0,1.0,0.25,0.0,0.08,0.9299999999999999
thinkphp_5-rce,webmin,thinkphp,negative_family,0.0,0.0,0.0,0.0,0.0,0.0,0.25,0.0,0.08,0.22999999999999998
tomcat_CVE-2017-12615,adminer,tomcat,negative_family,0.0,0.0,0.0,0.0,0.0,1.0,0.25,0.15,0.2,1.2
tomcat_CVE-2017-12615,appweb,tomcat,negative_family,0.0,0.0,0.0,0.0,0.0,1.0,0.25,0.15,0.2,1.2
tomcat_CVE-2017-12615,aria2,tomcat,negative_family,0.0,0.0,0.0,0.0,0.0,0.0,0.0,0.0,0.0,0.0
tomcat_CVE-2017-12615,couchdb,tomcat,negative_family,0.0,0.0,0.0,0.0,0.0,0.0,0.25,0.15,0.2,0.5
tomcat_CVE-2017-12615,druid,tomcat,negative_family,0.0,0.0,0.0,0.0,0.0,0.0,0.25,0.15,0.2,0.5
tomcat_CVE-2017-12615,drupal,tomcat,negative_family,0.0,0.0,0.0,0.0,0.0,1.0,0.25,0.15,0.2,1.2
tomcat_CVE-2017-12615,elasticsearch,tomcat,negative_family,0.0,0.0,0.0,0.0,0.0,0.0,0.25,0.15,0.2,0.5
tomcat_CVE-2017-12615,flask,tomcat,negative_family,0.0,0.0,0.0,0.0,0.0,0.0,0.25,0.15,0.2,0.5
tomcat_CVE-2017-12615,goahead,tomcat,negative_family,0.0,0.0,0.0,0.0,0.0,1.0,0.25,0.15,0.2,1.2
tomcat_CVE-2017-12615,gogs,tomcat,negative_family,0.0,0.0,0.0,0.0,0.0,0.0,0.25,0.15,0.2,0.5
tomcat_CVE-2017-12615,grafana,tomcat,negative_family,0.0,0.0,0.0,0.0,0.0,0.0,0.25,0.15,0.2,0.5
tomcat_CVE-2017-12615,jenkins,tomcat,negative_family,0.0,0.0,0.0,0.0,0.0,1.0,0.25,0.15,0.2,1.2
tomcat_CVE-2017-12615,jetty,tomcat,negative_family,0.0,0.0,0.0,0.0,0.0,1.0,0.25,0.15,0.2,1.2
tomcat_CVE-2017-12615,joomla,tomcat,negative_family,0.0,0.0,0.0,0.0,0.0,1.0,0.25,0.15,0.2,1.2
tomcat_CVE-2017-12615,nextjs,tomcat,negative_family,0.0,0.0,0.0,0.0,0.0,0.0,0.25,0.15,0.2,0.5
tomcat_CVE-2017-12615,nexus,tomcat,negative_family,0.0,0.0,0.0,0.0,0.0,0.0,0.25,0.15,0.2,0.5
tomcat_CVE-2017-12615,nginx,tomcat,negative_family,0.0,0.0,0.0,0.0,0.0,1.0,0.25,0.15,0.2,1.2
tomcat_CVE-2017-12615,phpmyadmin,tomcat,negative_family,0.0,0.0,0.0,0.0,0.0,1.0,0.25,0.15,0.2,1.2
tomcat_CVE-2017-12615,rails,tomcat,negative_family,0.0,0.0,0.0,0.0,0.0,0.0,0.25,0.15,0.2,0.5
tomcat_CVE-2017-12615,redis,tomcat,negative_family,0.0,0.0,0.0,0.0,0.0,0.0,0.0,0.0,0.0,0.0
tomcat_CVE-2017-12615,shiro,tomcat,negative_family,0.0,0.0,0.0,0.0,0.0,1.0,0.25,0.15,0.2,1.2
tomcat_CVE-2017-12615,solr,tomcat,negative_family,0.0,0.0,0.0,0.0,0.0,0.0,0.25,0.15,0.2,0.5
tomcat_CVE-2017-12615,spring,tomcat,negative_family,0.5,0.0,0.0,0.5,0.5,1.0,0.25,0.15,0.2,4.15
tomcat_CVE-2017-12615,struts2,tomcat,negative_family,0.0,0.0,0.0,0.0,0.0,1.0,0.25,0.15,0.2,1.2
tomcat_CVE-2017-12615,thinkphp,tomcat,negative_family,0.0,0.0,0.0,0.0,0.0,1.0,0.25,0.15,0.2,1.2
tomcat_CVE-2017-12615,tomcat,tomcat,positive_family_match,0.5,0.0,0.0,0.5,0.5,1.0,0.25,0.15,0.2,4.15
tomcat_CVE-2017-12615,webmin,tomcat,negative_family,0.0,0.0,0.0,0.0,0.0,0.0,0.25,0.15,0.2,0.5
webmin_CVE-2019-15107,adminer,webmin,negative_family,0.0,0.0,0.0,0.0,0.0,0.0,0.25,0.15,0.1,0.4
webmin_CVE-2019-15107,appweb,webmin,negative_family,0.0,0.0,0.0,0.0,0.0,0.0,0.25,0.15,0.1,0.4
webmin_CVE-2019-15107,aria2,webmin,negative_family,0.0,0.0,0.0,0.0,0.0,0.0,0.0,0.0,0.0,0.0
webmin_CVE-2019-15107,couchdb,webmin,negative_family,0.0,0.0,0.0,0.0,0.0,0.0,0.25,0.15,0.1,0.4
webmin_CVE-2019-15107,druid,webmin,negative_family,0.0,0.0,0.0,0.0,0.0,0.0,0.25,0.15,0.1,0.4
webmin_CVE-2019-15107,drupal,webmin,negative_family,0.0,0.0,0.0,0.0,0.0,0.0,0.25,0.15,0.1,0.4
webmin_CVE-2019-15107,elasticsearch,webmin,negative_family,0.0,0.0,0.0,0.0,0.0,0.0,0.25,0.15,0.1,0.4
webmin_CVE-2019-15107,flask,webmin,negative_family,0.0,0.0,0.0,0.0,0.0,0.0,0.25,0.15,0.1,0.4
webmin_CVE-2019-15107,goahead,webmin,negative_family,0.0,0.0,0.0,0.0,0.0,0.0,0.25,0.15,0.1,0.4
webmin_CVE-2019-15107,gogs,webmin,negative_family,0.0,0.0,0.0,0.0,0.0,0.0,0.25,0.15,0.1,0.4
webmin_CVE-2019-15107,grafana,webmin,negative_family,0.0,0.0,0.0,0.0,0.0,0.0,0.25,0.15,0.1,0.4
webmin_CVE-2019-15107,jenkins,webmin,negative_family,0.0,0.0,0.0,0.0,0.0,0.0,0.25,0.15,0.1,0.4
webmin_CVE-2019-15107,jetty,webmin,negative_family,0.0,0.0,0.0,0.0,0.0,0.0,0.25,0.15,0.1,0.4
webmin_CVE-2019-15107,joomla,webmin,negative_family,0.0,0.0,0.0,0.0,0.0,0.0,0.25,0.15,0.1,0.4
webmin_CVE-2019-15107,nextjs,webmin,negative_family,0.0,0.0,0.0,0.0,0.0,0.0,0.25,0.15,0.1,0.4
webmin_CVE-2019-15107,nexus,webmin,negative_family,0.0,0.0,0.0,0.0,0.0,0.0,0.25,0.15,0.1,0.4
webmin_CVE-2019-15107,nginx,webmin,negative_family,0.0,0.0,0.0,0.0,0.0,0.0,0.25,0.15,0.1,0.4
webmin_CVE-2019-15107,phpmyadmin,webmin,negative_family,0.0,0.0,0.0,0.0,0.0,0.0,0.25,0.15,0.1,0.4
webmin_CVE-2019-15107,rails,webmin,negative_family,0.0,0.0,0.0,0.0,0.0,0.0,0.25,0.15,0.1,0.4
webmin_CVE-2019-15107,redis,webmin,negative_family,0.0,0.0,0.0,0.0,0.0,0.0,0.0,0.0,0.0,0.0
webmin_CVE-2019-15107,shiro,webmin,negative_family,0.0,0.0,0.0,0.25,0.25,0.0,0.25,0.15,0.1,1.25
webmin_CVE-2019-15107,solr,webmin,negative_family,0.0,0.0,0.0,0.0,0.0,0.0,0.25,0.15,0.1,0.4
webmin_CVE-2019-15107,spring,webmin,negative_family,0.0,0.0,0.0,0.0,0.0,0.0,0.25,0.15,0.1,0.4
webmin_CVE-2019-15107,struts2,webmin,negative_family,0.0,0.0,0.0,0.0,0.0,0.0,0.25,0.15,0.1,0.4
webmin_CVE-2019-15107,thinkphp,webmin,negative_family,0.0,0.0,0.0,0.0,0.0,0.0,0.25,0.15,0.1,0.4
webmin_CVE-2019-15107,tomcat,webmin,negative_family,0.0,0.0,0.0,0.0,0.0,0.0,0.25,0.15,0.1,0.4
webmin_CVE-2019-15107,webmin,webmin,positive_family_match,0.5,0.5,0.0,1.0,1.0,1.0,0.25,0.15,0.1,6.750000000000001
